Región,meses,cosecha,produccion,rendimiento,precio,year
Amazonas,Ene,188.0,3328.3999999999996,17704.255319148935,1.5127734046388657,2022
Áncash,Ene,673.0,8991.5,13360.32689450223,1.2802869376633488,2022
Apurímac,Ene,222.5,4692.27,21088.853932584272,1.0081401965360048,2022
Arequipa,Ene,457.0,16202.962,35455.0590809628,0.9556556480228737,2022
Ayacucho,Ene,996.0,17782.0,17853.413654618475,0.9264632774716004,2022
Cajamarca,Ene,2869.0,32072.07,11178.832345765075,1.0801364551773553,2022
Callao,Ene,0.0,0.0,0.0,0.0,2022
Cusco,Ene,1599.0,24508.0,15327.0794246404,1.089240248082259,2022
Huancavelica,Ene,569.0,9195.800000000001,16161.335676625662,0.9679070880184432,2022
Huánuco,Ene,4833.0,93419.0,19329.40202772605,1.0443576788447748,2022
Ica,Ene,16.0,146.25,9140.625,1.0382905982905986,2022
Junín,Ene,1254.0,23204.399999999998,18504.306220095692,0.8900264604988712,2022
La Libertad,Ene,1106.5,23637.1,21362.042476276547,1.2072789809240558,2022
Lambayeque,Ene,45.0,285.0,6333.333333333333,0.9,2022
Lima,Ene,1019.0,33966.8,33333.464180569186,0.8044402180953165,2022
Lima Metropolitana,Ene,0.0,0.0,0.0,0.0,2022
Loreto,Ene,0.0,0.0,0.0,0.0,2022
papare de Dios,Ene,0.0,0.0,0.0,0.0,2022
Moquegua,Ene,51.0,803.18,15748.627450980392,1.1568764162454244,2022
Pasco,Ene,433.5,8731.799,20142.558246828146,0.7919924863135305,2022
Piura,Ene,79.0,1058.0,13392.40506329114,1.5756899810964082,2022
Puno,Ene,0.0,0.0,0.0,0.0,2022
San Martín,Ene,0.0,0.0,0.0,0.0,2022
Tacna,Ene,31.0,638.0,20580.645161290326,1.6738244514106582,2022
Tumbes,Ene,0.0,0.0,0.0,0.0,2022
Ucayali,Ene,0.0,0.0,0.0,0.0,2022
Amazonas,Feb,269.0,4740.879999999999,17624.08921933085,1.4561575066232428,2022
Áncash,Feb,1909.0,23998.7,12571.346254583552,1.4752740773458561,2022
Apurímac,Feb,605.0,12457.99,20591.719008264463,1.1129317008602513,2022
Arequipa,Feb,439.0,14792.813999999998,33696.61503416856,0.9463456040209794,2022
Ayacucho,Feb,1462.0,27154.0,18573.187414500684,1.004122044634308,2022
Cajamarca,Feb,3803.0,48899.35,12858.0988693137,1.2540657084398872,2022
Callao,Feb,0.0,0.0,0.0,0.0,2022
Cusco,Feb,1896.0,30385.9,16026.318565400847,1.1814571890251728,2022
Huancavelica,Feb,912.0,13578.900000000001,14889.144736842107,1.045595372231919,2022
Huánuco,Feb,3868.0,67043.0,17332.730093071354,1.0679827871664456,2022
Ica,Feb,33.0,283.4,8587.878787878788,1.0,2022
Junín,Feb,1859.0,37718.40000000001,20289.61807423346,0.9471785653686265,2022
La Libertad,Feb,2002.5,40986.149999999994,20467.49063670412,1.3789584286399195,2022
Lambayeque,Feb,155.0,920.0,5935.483870967742,1.0937500000000002,2022
Lima,Feb,402.0,10441.199999999999,25973.134328358206,0.8712073324905185,2022
Lima Metropolitana,Feb,0.0,0.0,0.0,0.0,2022
Loreto,Feb,0.0,0.0,0.0,0.0,2022
papare de Dios,Feb,0.0,0.0,0.0,0.0,2022
Moquegua,Feb,53.0,725.57,13690.000000000002,1.6273374036964041,2022
Pasco,Feb,710.0,13412.950000000003,18891.47887323944,0.8599221349516697,2022
Piura,Feb,105.0,1212.0,11542.857142857143,1.1538613861386138,2022
Puno,Feb,853.0,14671.0,17199.296600234466,2.1273607797696132,2022
San Martín,Feb,0.0,0.0,0.0,0.0,2022
Tacna,Feb,74.0,1471.0,19878.37837837838,1.8666213460231136,2022
Tumbes,Feb,0.0,0.0,0.0,0.0,2022
Ucayali,Feb,0.0,0.0,0.0,0.0,2022
Amazonas,Mar,332.0,5895.95,17758.885542168675,1.4869164426428314,2022
Áncash,Mar,2374.0,30377.3,12795.829823083404,1.2856389475035634,2022
Apurímac,Mar,1419.0,28975.75,20419.837914023963,1.086589648240339,2022
Arequipa,Mar,343.0,11273.824999999995,32868.29446064139,1.293205921681417,2022
Ayacucho,Mar,2986.0,54403.0,18219.356999330208,0.9745572854438175,2022
Cajamarca,Mar,3856.0,53717.609000000004,13930.915197095437,1.6492682743939704,2022
Callao,Mar,0.0,0.0,0.0,0.0,2022
Cusco,Mar,3116.0,49246.380000000005,15804.358151476252,1.0967362068034239,2022
Huancavelica,Mar,1668.0,25085.499999999996,15039.268585131893,1.0421964880110022,2022
Huánuco,Mar,4987.0,71410.0,14319.229997994787,0.9906713345469824,2022
Ica,Mar,21.0,197.53,9406.190476190475,1.0,2022
Junín,Mar,2411.0,46067.400000000016,19107.17544587309,1.0003111527891735,2022
La Libertad,Mar,3783.5,80086.09999999999,21167.199682833354,1.3743872282456002,2022
Lambayeque,Mar,20.0,100.0,5000.0,0.82,2022
Lima,Mar,212.0,2835.8,13376.415094339623,1.0693102475491925,2022
Lima Metropolitana,Mar,0.0,0.0,0.0,0.0,2022
Loreto,Mar,0.0,0.0,0.0,0.0,2022
papare de Dios,Mar,0.0,0.0,0.0,0.0,2022
Moquegua,Mar,183.0,2239.217,12236.158469945356,1.9586107107975688,2022
Pasco,Mar,910.5,16822.107,18475.68039538715,0.8858058654602542,2022
Piura,Mar,113.0,1348.0,11929.20353982301,1.0163204747774481,2022
Puno,Mar,5437.0,86336.7,15879.473974618355,1.82487540061179,2022
San Martín,Mar,0.0,0.0,0.0,0.0,2022
Tacna,Mar,149.0,3112.0,20885.906040268455,1.9875,2022
Tumbes,Mar,0.0,0.0,0.0,0.0,2022
Ucayali,Mar,0.0,0.0,0.0,0.0,2022
Amazonas,Abr,277.0,5134.500000000001,18536.101083032496,1.6103982861038073,2022
Áncash,Abr,2424.0,30752.0,12686.468646864685,1.2315114464099894,2022
Apurímac,Abr,2547.0,51142.0,20079.308990969766,1.0226438152594735,2022
Arequipa,Abr,495.0,16102.408999999998,32530.11919191919,1.0783740805490658,2022
Ayacucho,Abr,5471.0,97825.0,17880.643392432827,1.0857892154357272,2022
Cajamarca,Abr,4145.5,59190.538,14278.262694488,1.5918797713918391,2022
Callao,Abr,0.0,0.0,0.0,0.0,2022
Cusco,Abr,6466.0,95730.0,14805.134549953604,1.1486358508304608,2022
Huancavelica,Abr,4222.0,65660.85,15552.072477498816,0.9867714170620694,2022
Huánuco,Abr,7174.5,92082.5,12834.692313053174,0.9898392419840903,2022
Ica,Abr,9.0,87.4,9711.111111111111,1.0,2022
Junín,Abr,3619.0,66040.8,18248.35589941973,0.9339520871945826,2022
La Libertad,Abr,5162.0,115626.70000000001,22399.593180937623,1.4179481382760208,2022
Lambayeque,Abr,45.0,225.0,5000.0,1.1888888888888889,2022
Lima,Abr,201.0,1782.3299999999997,8867.31343283582,1.2163033781622936,2022
Lima Metropolitana,Abr,0.0,0.0,0.0,0.0,2022
Loreto,Abr,0.0,0.0,0.0,0.0,2022
papare de Dios,Abr,0.0,0.0,0.0,0.0,2022
Moquegua,Abr,232.0,2443.3699999999994,10531.767241379308,1.7075981124430606,2022
Pasco,Abr,1026.0,16314.200000000003,15900.77972709552,0.9530573181645438,2022
Piura,Abr,118.0,1351.0,11449.15254237288,0.9890155440414506,2022
Puno,Abr,29723.0,482344.4,16227.985062073141,1.6543777641038229,2022
San Martín,Abr,0.0,0.0,0.0,0.0,2022
Tacna,Abr,126.0,2550.0,20238.095238095237,1.9170196078431372,2022
Tumbes,Abr,0.0,0.0,0.0,0.0,2022
Ucayali,Abr,0.0,0.0,0.0,0.0,2022
Amazonas,May,321.0,5942.8,18513.395638629285,1.6410547216800162,2022
Áncash,May,1492.0,18777.0,12585.120643431635,1.361114661554029,2022
Apurímac,May,7527.0,129651.8,17224.89703733227,1.2009123668163497,2022
Arequipa,May,361.0,13631.421,37760.16897506925,1.1840770782444472,2022
Ayacucho,May,13127.0,236051.0,17982.097966024223,1.0961058415342437,2022
Cajamarca,May,2862.0,45761.878,15989.475192173304,1.6653573177219696,2022
Callao,May,0.0,0.0,0.0,0.0,2022
Cusco,May,15840.0,246002.40699999998,15530.454987373736,1.2982702026976505,2022
Huancavelica,May,7405.0,100040.55,13509.864956110736,0.9363013548006278,2022
Huánuco,May,4473.0,60710.0,13572.546389447798,1.0424943996046778,2022
Ica,May,8.0,77.2,9650.0,1.0,2022
Junín,May,6204.0,108672.44999999998,17516.513539651834,0.918441541531456,2022
La Libertad,May,4775.0,108312.5,22683.24607329843,1.4680485631852278,2022
Lambayeque,May,0.0,0.0,0.0,0.0,2022
Lima,May,364.0,3671.159,10085.601648351649,1.3444137941178795,2022
Lima Metropolitana,May,0.0,0.0,0.0,0.0,2022
Loreto,May,0.0,0.0,0.0,0.0,2022
papare de Dios,May,0.0,0.0,0.0,0.0,2022
Moquegua,May,50.0,541.4849999999999,10829.699999999997,1.445961568649178,2022
Pasco,May,1616.0,25026.887,15486.935024752474,1.3356240554408545,2022
Piura,May,70.0,792.0,11314.285714285716,0.9480808080808081,2022
Puno,May,23175.0,356567.9,15385.885652642935,1.4771541128632162,2022
San Martín,May,0.0,0.0,0.0,0.0,2022
Tacna,May,52.0,1018.0,19576.923076923078,1.9773477406679765,2022
Tumbes,May,0.0,0.0,0.0,0.0,2022
Ucayali,May,0.0,0.0,0.0,0.0,2022
Amazonas,Jun,490.5,8771.900000000001,17883.588175331297,2.409191851252293,2022
Áncash,Jun,749.0,9377.3,12519.759679572762,1.451595875145298,2022
Apurímac,Jun,6551.5,120183.3,18344.394413493093,1.223949250852656,2022
Arequipa,Jun,344.0,13130.398999999998,38169.76453488371,1.3188939574494276,2022
Ayacucho,Jun,7576.0,139924.0,18469.376979936642,1.120896343729453,2022
Cajamarca,Jun,2247.5,30965.839999999997,13777.904338153503,1.6728930008034661,2022
Callao,Jun,0.0,0.0,0.0,0.0,2022
Cusco,Jun,4390.0,70606.0,16083.371298405467,1.4534798742316517,2022
Huancavelica,Jun,5078.0,61602.45,12131.242615202835,1.2939694768633392,2022
Huánuco,Jun,2130.0,34926.5,16397.417840375587,1.1646766495354535,2022
Ica,Jun,178.5,6624.77,37113.557422969185,1.5799999999999998,2022
Junín,Jun,4973.0,86801.90000000001,17454.635029157453,0.9992327011275097,2022
La Libertad,Jun,3708.0,85280.99999999999,22999.19093851132,1.4150070472907212,2022
Lambayeque,Jun,0.0,0.0,0.0,0.0,2022
Lima,Jun,246.0,2391.3999999999996,9721.138211382111,1.630036798528059,2022
Lima Metropolitana,Jun,0.0,0.0,0.0,0.0,2022
Loreto,Jun,0.0,0.0,0.0,0.0,2022
papare de Dios,Jun,0.0,0.0,0.0,0.0,2022
Moquegua,Jun,7.0,147.7,21099.999999999996,1.2,2022
Pasco,Jun,3103.0,54551.81899999999,17580.347728005152,1.6708458557541412,2022
Piura,Jun,203.0,1976.0,9733.99014778325,1.2541093117408906,2022
Puno,Jun,2067.0,28731.1,13899.903241412674,1.1562992715211045,2022
San Martín,Jun,0.0,0.0,0.0,0.0,2022
Tacna,Jun,4.0,85.0,21250.0,2.0,2022
Tumbes,Jun,0.0,0.0,0.0,0.0,2022
Ucayali,Jun,0.0,0.0,0.0,0.0,2022
Amazonas,Jul,665.0,11698.999999999998,17592.481203007515,2.3633049833319086,2022
Áncash,Jul,183.0,2293.7,12533.879781420763,1.5179186467279941,2022
Apurímac,Jul,3595.5,66138.0,18394.659991656237,1.1960325380265506,2022
Arequipa,Jul,910.0,39451.791,43353.61648351648,1.1718917475761745,2022
Ayacucho,Jul,423.0,7498.0,17725.768321513002,1.4194918644971992,2022
Cajamarca,Jul,869.0,14003.18,16114.131185270428,1.7880003684877293,2022
Callao,Jul,0.0,0.0,0.0,0.0,2022
Cusco,Jul,185.0,3038.0,16421.621621621623,1.4657998683344307,2022
Huancavelica,Jul,986.0,12267.05,12441.227180527383,1.266833509278922,2022
Huánuco,Jul,734.0,14832.0,20207.08446866485,1.4404476806903992,2022
Ica,Jul,530.0,20199.130000000005,38111.56603773586,1.3162671313071406,2022
Junín,Jul,1761.0,31960.0,18148.779102782508,1.060194931163955,2022
La Libertad,Jul,1050.0,24080.1,22933.428571428572,1.4129047221564692,2022
Lambayeque,Jul,0.0,0.0,0.0,0.0,2022
Lima,Jul,93.0,2459.8999999999996,26450.537634408596,1.071100451237855,2022
Lima Metropolitana,Jul,0.0,0.0,0.0,0.0,2022
Loreto,Jul,0.0,0.0,0.0,0.0,2022
papare de Dios,Jul,0.0,0.0,0.0,0.0,2022
Moquegua,Jul,0.0,0.0,0.0,0.0,2022
Pasco,Jul,285.0,6353.99,22294.701754385966,1.6111559823040327,2022
Piura,Jul,208.0,1932.0,9288.461538461539,1.4537939958592132,2022
Puno,Jul,0.0,0.0,0.0,0.0,2022
San Martín,Jul,0.0,0.0,0.0,0.0,2022
Tacna,Jul,11.0,233.0,21181.818181818184,1.9459227467811158,2022
Tumbes,Jul,0.0,0.0,0.0,0.0,2022
Ucayali,Jul,0.0,0.0,0.0,0.0,2022
Amazonas,Ago,604.5,10647.6,17613.89578163772,2.2329060069874895,2022
Áncash,Ago,11.0,137.0,12454.545454545456,1.562043795620438,2022
Apurímac,Ago,342.0,7022.0,20532.16374269006,1.1892623184277984,2022
Arequipa,Ago,1418.0,63326.748,44659.20169252468,1.2834928030727237,2022
Ayacucho,Ago,6.0,115.0,19166.666666666668,1.25,2022
Cajamarca,Ago,1001.5,14237.910000000002,14216.585122316526,1.7726597513258613,2022
Callao,Ago,0.0,0.0,0.0,0.0,2022
Cusco,Ago,0.0,0.0,0.0,0.0,2022
Huancavelica,Ago,43.0,432.75,10063.953488372093,1.5661236279607165,2022
Huánuco,Ago,835.0,18803.0,22518.562874251496,1.4661687496676066,2022
Ica,Ago,1743.2,67178.39,38537.396741624594,1.3781100856986899,2022
Junín,Ago,272.0,5545.1,20386.397058823528,1.3406257777136568,2022
La Libertad,Ago,341.0,7904.0,23178.885630498535,1.6945685728744941,2022
Lambayeque,Ago,0.0,0.0,0.0,0.0,2022
Lima,Ago,376.0,10793.0,28704.787234042553,1.1705179282868525,2022
Lima Metropolitana,Ago,4.0,113.42,28355.0,0.65,2022
Loreto,Ago,0.0,0.0,0.0,0.0,2022
papare de Dios,Ago,0.0,0.0,0.0,0.0,2022
Moquegua,Ago,1.0,27.0,27000.0,1.1,2022
Pasco,Ago,197.0,4432.0,22497.46192893401,1.3968231046931407,2022
Piura,Ago,292.0,3616.0,12383.561643835616,1.6054203539823009,2022
Puno,Ago,0.0,0.0,0.0,0.0,2022
San Martín,Ago,0.0,0.0,0.0,0.0,2022
Tacna,Ago,17.0,343.0,20176.470588235294,1.8682215743440231,2022
Tumbes,Ago,0.0,0.0,0.0,0.0,2022
Ucayali,Ago,0.0,0.0,0.0,0.0,2022
Amazonas,Set,455.15,7953.249999999998,17473.909700098866,2.4033190833935816,2022
Áncash,Set,126.0,1574.5,12496.031746031746,1.7103524928548743,2022
Apurímac,Set,14.0,405.0,28928.571428571428,1.6111111111111112,2022
Arequipa,Set,849.0,34875.74999999999,41078.6219081272,1.9029131416528682,2022
Ayacucho,Set,2.0,30.0,15000.0,1.2,2022
Cajamarca,Set,1317.0,18779.9,14259.605163249811,1.9631695589433389,2022
Callao,Set,0.0,0.0,0.0,0.0,2022
Cusco,Set,0.0,0.0,0.0,0.0,2022
Huancavelica,Set,208.0,3990.85,19186.778846153848,1.316605485047045,2022
Huánuco,Set,1726.0,40310.0,23354.577056778682,1.9543841478541306,2022
Ica,Set,542.3,20055.949999999997,36983.127420247096,1.489893293511402,2022
Junín,Set,85.0,1810.6,21301.176470588234,1.5249751463603227,2022
La Libertad,Set,298.0,6557.4,22004.697986577183,1.3061609784365755,2022
Lambayeque,Set,25.0,140.0,5600.0,1.25,2022
Lima,Set,730.0,20320.7,27836.575342465752,1.38431008774304,2022
Lima Metropolitana,Set,1.0,28.16,28160.0,1.4,2022
Loreto,Set,0.0,0.0,0.0,0.0,2022
papare de Dios,Set,0.0,0.0,0.0,0.0,2022
Moquegua,Set,0.0,0.0,0.0,0.0,2022
Pasco,Set,79.0,1750.0,22151.898734177215,2.0442857142857145,2022
Piura,Set,267.0,2539.0,9509.36329588015,1.7061992910594723,2022
Puno,Set,0.0,0.0,0.0,0.0,2022
San Martín,Set,0.0,0.0,0.0,0.0,2022
Tacna,Set,14.0,283.0,20214.285714285714,1.8862190812720847,2022
Tumbes,Set,0.0,0.0,0.0,0.0,2022
Ucayali,Set,0.0,0.0,0.0,0.0,2022
Amazonas,Oct,238.65,4269.98,17892.22711083176,2.3443266713193043,2022
Áncash,Oct,30.0,374.0,12466.666666666666,1.6037433155080212,2022
Apurímac,Oct,0.0,0.0,0.0,0.0,2022
Arequipa,Oct,1164.0,39873.999,34256.01288659794,1.5693885180666227,2022
Ayacucho,Oct,16.0,391.0,24437.5,1.7611253196930945,2022
Cajamarca,Oct,1586.75,21587.43,13604.808570978415,2.101982681588313,2022
Callao,Oct,0.0,0.0,0.0,0.0,2022
Cusco,Oct,0.0,0.0,0.0,0.0,2022
Huancavelica,Oct,1103.0,24327.65,22055.893019038987,1.521485840185961,2022
Huánuco,Oct,3238.0,75517.0,23322.11241507103,1.5526113987578951,2022
Ica,Oct,159.0,5901.0,37113.20754716981,1.4313709540755806,2022
Junín,Oct,192.0,3917.7,20404.687499999996,1.6325037649641372,2022
La Libertad,Oct,849.0,19353.5,22795.641931684335,2.2966667527837346,2022
Lambayeque,Oct,0.0,0.0,0.0,0.0,2022
Lima,Oct,756.0,21591.4,28560.052910052913,1.3742615115277377,2022
Lima Metropolitana,Oct,18.0,462.12,25673.333333333332,0.9397126287544361,2022
Loreto,Oct,0.0,0.0,0.0,0.0,2022
papare de Dios,Oct,0.0,0.0,0.0,0.0,2022
Moquegua,Oct,1.0,28.0,28000.0,1.3,2022
Pasco,Oct,51.0,1169.0,22921.56862745098,1.7798118049615055,2022
Piura,Oct,158.0,1599.0,10120.253164556962,2.2922326454033772,2022
Puno,Oct,0.0,0.0,0.0,0.0,2022
San Martín,Oct,0.0,0.0,0.0,0.0,2022
Tacna,Oct,11.0,238.0,21636.363636363636,1.9478991596638657,2022
Tumbes,Oct,0.0,0.0,0.0,0.0,2022
Ucayali,Oct,0.0,0.0,0.0,0.0,2022
Amazonas,Nov,149.63,2630.2799999999997,17578.560449107797,2.188449138494761,2022
Áncash,Nov,43.0,566.0,13162.79069767442,2.2750000000000004,2022
Apurímac,Nov,3.0,60.0,20000.0,3.0,2022
Arequipa,Nov,1186.0,42638.37,35951.40809443508,1.617576094020479,2022
Ayacucho,Nov,157.0,2868.0,18267.51592356688,1.70547419804742,2022
Cajamarca,Nov,2691.4,27127.679,10079.3932525823,2.1023100796791354,2022
Callao,Nov,0.0,0.0,0.0,0.0,2022
Cusco,Nov,60.0,405.0,6750.0,0.8,2022
Huancavelica,Nov,687.0,10852.5,15796.943231441048,1.5363349458650082,2022
Huánuco,Nov,4680.75,97848.0,20904.342252844097,1.8745783868857822,2022
Ica,Nov,35.0,1465.0,41857.142857142855,1.4610921501706484,2022
Junín,Nov,298.0,5130.0,17214.765100671142,1.6514619883040935,2022
La Libertad,Nov,1333.5,30891.65,23165.84176977878,2.465837208436583,2022
Lambayeque,Nov,140.0,901.0,6435.714285714286,1.3,2022
Lima,Nov,772.0,22491.0,29133.41968911917,1.564173224845494,2022
Lima Metropolitana,Nov,18.0,478.8,26600.0,1.2,2022
Loreto,Nov,0.0,0.0,0.0,0.0,2022
papare de Dios,Nov,0.0,0.0,0.0,0.0,2022
Moquegua,Nov,3.0,82.5,27500.0,1.2,2022
Pasco,Nov,64.0,1263.0,19734.375,2.0194774346793354,2022
Piura,Nov,102.0,1034.0,10137.254901960783,1.9782882011605418,2022
Puno,Nov,650.0,9694.0,14913.846153846152,2.02259129358366,2022
San Martín,Nov,0.0,0.0,0.0,0.0,2022
Tacna,Nov,8.0,175.0,21875.0,2.0,2022
Tumbes,Nov,0.0,0.0,0.0,0.0,2022
Ucayali,Nov,0.0,0.0,0.0,0.0,2022
Amazonas,Dic,106.5,1940.5,18220.657276995305,2.3226075753671735,2022
Áncash,Dic,93.0,1211.0,13021.505376344086,2.1552436003303055,2022
Apurímac,Dic,234.0,5009.0,21405.982905982906,1.4306248752245958,2022
Arequipa,Dic,583.0,21266.111000000008,36477.03430531734,1.5685545655244628,2022
Ayacucho,Dic,171.0,3313.0,19374.269005847953,1.573060670087534,2022
Cajamarca,Dic,2574.25,24546.440000000002,9535.375352044286,2.337516845619975,2022
Callao,Dic,0.0,0.0,0.0,0.0,2022
Cusco,Dic,125.0,1429.0,11432.0,1.175227431770469,2022
Huancavelica,Dic,252.0,3436.9,13638.492063492064,1.5611946812534552,2022
Huánuco,Dic,4592.0,95779.0,20857.796167247387,2.086082283172721,2022
Ica,Dic,20.0,835.0,41750.0,1.75,2022
Junín,Dic,793.0,15578.900000000001,19645.523329129886,1.7960164068066418,2022
La Libertad,Dic,1631.5,38032.2,23311.186025130246,2.378320870209979,2022
Lambayeque,Dic,65.0,421.0,6476.923076923077,1.2119952494061759,2022
Lima,Dic,950.0,27946.6,29417.473684210523,1.731429225737657,2022
Lima Metropolitana,Dic,0.0,0.0,0.0,0.0,2022
Loreto,Dic,0.0,0.0,0.0,0.0,2022
papare de Dios,Dic,0.0,0.0,0.0,0.0,2022
Moquegua,Dic,3.0,81.0,27000.0,1.4,2022
Pasco,Dic,185.0,3464.71,18728.162162162163,2.1224975250453864,2022
Piura,Dic,94.0,995.0,10585.106382978724,2.339798994974874,2022
Puno,Dic,1215.0,20630.75,16980.041152263377,1.9969281291276375,2022
San Martín,Dic,0.0,0.0,0.0,0.0,2022
Tacna,Dic,8.0,171.0,21375.0,2.181286549707602,2022
Tumbes,Dic,0.0,0.0,0.0,0.0,2022
Ucayali,Dic,0.0,0.0,0.0,0.0,2022
Amazonas,Ene,115.0,1984.5190000000002,17256.68695652174,0.7988311021461622,2021
Áncash,Ene,401.0,5013.0,12501.246882793017,0.7996489128266507,2021
Apurímac,Ene,171.0,3415.0,19970.76023391813,0.7156954612005858,2021
Arequipa,Ene,508.0,18375.165999999997,36171.58661417322,0.5100275475062378,2021
Ayacucho,Ene,812.0,12416.0,15290.64039408867,0.7485824742268039,2021
Cajamarca,Ene,2825.0,32454.7,11488.389380530974,0.8138073992364739,2021
Callao,Ene,0.0,0.0,0.0,0.0,2021
Cusco,Ene,1883.0,30112.5,15991.768454593734,1.0840016604400167,2021
Huancavelica,Ene,842.0,13850.0,16448.931116389547,0.496928880866426,2021
Huánuco,Ene,4516.5,89259.0,19762.869478578545,0.6370389988684613,2021
Ica,Ene,10.0,103.44999999999999,10344.999999999998,0.9713871435476076,2021
Junín,Ene,1362.0,23756.3,17442.217327459617,0.5906500591422065,2021
La Libertad,Ene,1050.5,24509.5,23331.27082341742,0.9604863420306415,2021
Lambayeque,Ene,0.0,0.0,0.0,0.0,2021
Lima,Ene,1543.0,58770.0,38088.13998703824,0.5840165050195678,2021
Lima Metropolitana,Ene,1.0,27.86,27860.0,0.55,2021
Loreto,Ene,0.0,0.0,0.0,0.0,2021
papare de Dios,Ene,0.0,0.0,0.0,0.0,2021
Moquegua,Ene,49.0,669.64,13666.122448979591,0.8676054297831671,2021
Pasco,Ene,398.399,7015.718999999999,17609.780647039774,0.45283467025974106,2021
Piura,Ene,188.0,2325.0,12367.021276595744,0.6520645161290323,2021
Puno,Ene,0.0,0.0,0.0,0.0,2021
San Martín,Ene,0.0,0.0,0.0,0.0,2021
Tacna,Ene,39.0,849.0,21769.23076923077,1.12414605418139,2021
Tumbes,Ene,0.0,0.0,0.0,0.0,2021
Ucayali,Ene,0.0,0.0,0.0,0.0,2021
Amazonas,Feb,179.0,3143.4200000000005,17561.005586592182,0.8988420891894814,2021
Áncash,Feb,1317.0,16254.599999999999,12342.141230068335,0.8288521403172024,2021
Apurímac,Feb,673.0,13058.0,19402.67459138187,0.7452688007351815,2021
Arequipa,Feb,438.0,14135.071,32271.85159817351,0.5724970182321686,2021
Ayacucho,Feb,1419.0,21904.0,15436.222692036647,0.7594393718042367,2021
Cajamarca,Feb,4188.0,51610.40000000001,12323.400191021969,0.7034944507308606,2021
Callao,Feb,0.0,0.0,0.0,0.0,2021
Cusco,Feb,1218.0,16817.0,13807.060755336617,1.1896854373550572,2021
Huancavelica,Feb,907.0,13400.049999999996,14774.035281146633,0.43654426662587104,2021
Huánuco,Feb,3443.0,54926.0,15952.948010455999,0.7834326366383861,2021
Ica,Feb,8.0,81.19999999999999,10149.999999999998,1.0,2021
Junín,Feb,1628.0,30585.099999999995,18786.91646191646,0.6102621864894997,2021
La Libertad,Feb,2415.5,51951.1,21507.389774373834,0.8666529871359797,2021
Lambayeque,Feb,20.0,140.0,7000.0,0.9,2021
Lima,Feb,367.0,11563.4,31507.901907356947,0.6254198592109587,2021
Lima Metropolitana,Feb,1.0,27.65,27650.0,0.56,2021
Loreto,Feb,0.0,0.0,0.0,0.0,2021
papare de Dios,Feb,0.0,0.0,0.0,0.0,2021
Moquegua,Feb,103.0,1388.3789999999997,13479.407766990289,0.7701564918512886,2021
Pasco,Feb,799.5,13896.48,17381.46341463415,0.44526704604331463,2021
Piura,Feb,127.0,1407.0,11078.740157480315,0.7319829424307035,2021
Puno,Feb,857.0,13209.0,15413.068844807467,1.5822015292603524,2021
San Martín,Feb,0.0,0.0,0.0,0.0,2021
Tacna,Feb,61.0,1321.0,21655.737704918032,1.453444360333081,2021
Tumbes,Feb,0.0,0.0,0.0,0.0,2021
Ucayali,Feb,0.0,0.0,0.0,0.0,2021
Amazonas,Mar,323.0,5857.9,18135.913312693498,0.7538928626299528,2021
Áncash,Mar,2071.0,25413.1,12270.931916948333,0.8155687421054492,2021
Apurímac,Mar,1160.0,21612.0,18631.034482758623,0.7518790486766611,2021
Arequipa,Mar,357.0,10468.562000000002,29323.7030812325,0.8381613730711057,2021
Ayacucho,Mar,2260.0,38019.0,16822.566371681416,0.7599950024987504,2021
Cajamarca,Mar,4063.0,57228.990000000005,14085.402412010832,0.7097926330693588,2021
Callao,Mar,0.0,0.0,0.0,0.0,2021
Cusco,Mar,1812.0,27268.0,15048.565121412803,1.1322905970368198,2021
Huancavelica,Mar,1555.0,21325.75,13714.308681672026,0.6360336682179991,2021
Huánuco,Mar,4605.25,62635.0,13600.78171651919,0.8823238604614031,2021
Ica,Mar,17.0,169.3,9958.823529411764,1.0,2021
Junín,Mar,2815.0,51401.000000000015,18259.680284191832,0.6326314079492615,2021
La Libertad,Mar,2889.5,64996.0,22493.85706869701,0.707285371407471,2021
Lambayeque,Mar,37.0,207.0,5594.594594594595,0.8579710144927537,2021
Lima,Mar,205.0,1712.5,8353.658536585366,1.0819503649635036,2021
Lima Metropolitana,Mar,0.0,0.0,0.0,0.0,2021
Loreto,Mar,0.0,0.0,0.0,0.0,2021
papare de Dios,Mar,0.0,0.0,0.0,0.0,2021
Moquegua,Mar,131.0,1613.4389999999999,12316.32824427481,0.937547592440743,2021
Pasco,Mar,1015.65,16917.188,16656.513562743068,0.604729296618327,2021
Piura,Mar,112.0,1150.0,10267.857142857143,0.7,2021
Puno,Mar,4937.0,70500.3,14279.98784687057,1.6765972627066834,2021
San Martín,Mar,0.0,0.0,0.0,0.0,2021
Tacna,Mar,144.0,3063.0,21270.833333333332,1.4428338230492979,2021
Tumbes,Mar,0.0,0.0,0.0,0.0,2021
Ucayali,Mar,0.0,0.0,0.0,0.0,2021
Amazonas,Abr,333.5,6262.299999999999,18777.51124437781,0.6860378774571643,2021
Áncash,Abr,2478.0,30876.0,12460.048426150122,0.8507455628967483,2021
Apurímac,Abr,2128.0,40506.0,19034.774436090225,0.8388937441366712,2021
Arequipa,Abr,478.0,13685.741,28631.25732217573,0.9794902957757275,2021
Ayacucho,Abr,3008.0,44256.0,14712.765957446809,0.8438451283441798,2021
Cajamarca,Abr,3670.75,57462.15,15654.062521283118,0.7281722142314551,2021
Callao,Abr,0.0,0.0,0.0,0.0,2021
Cusco,Abr,4206.0,62849.8,14942.891107941037,1.0417461153416558,2021
Huancavelica,Abr,3631.0,50634.749999999985,13945.125309831998,0.6376645485560809,2021
Huánuco,Abr,7060.25,82187.00000000001,11640.80592047024,0.8207572365459259,2021
Ica,Abr,10.0,101.6,10160.0,1.0,2021
Junín,Abr,3647.0,63601.800000000025,17439.484507814646,0.6655361955164786,2021
La Libertad,Abr,4769.0,108706.8,22794.464248270076,0.8332599984545589,2021
Lambayeque,Abr,113.0,659.0,5831.858407079646,0.8890743550834598,2021
Lima,Abr,270.5,2490.7,9207.763401109058,1.2090215602039591,2021
Lima Metropolitana,Abr,0.0,0.0,0.0,0.0,2021
Loreto,Abr,0.0,0.0,0.0,0.0,2021
papare de Dios,Abr,0.0,0.0,0.0,0.0,2021
Moquegua,Abr,225.0,2547.4599999999996,11322.044444444442,1.136595510822545,2021
Pasco,Abr,1018.3499999999999,19555.619000000002,19203.239554180785,0.6136327057711647,2021
Piura,Abr,114.0,1269.0,11131.578947368422,0.7565011820330969,2021
Puno,Abr,33124.0,513935.0,15515.487259992755,1.4924774533744536,2021
San Martín,Abr,0.0,0.0,0.0,0.0,2021
Tacna,Abr,76.0,1659.0,21828.94736842105,1.4949367088607595,2021
Tumbes,Abr,0.0,0.0,0.0,0.0,2021
Ucayali,Abr,0.0,0.0,0.0,0.0,2021
Amazonas,May,431.0,8361.4,19400.0,0.9397093788121607,2021
Áncash,May,1449.0,17799.2,12283.781918564528,0.9137315160231922,2021
Apurímac,May,5499.0,99646.93,18120.91834879069,1.0111008989439012,2021
Arequipa,May,316.0,11656.138999999997,36886.5158227848,1.1425817674274474,2021
Ayacucho,May,8632.0,119889.0,13888.901760889712,0.9336442876327276,2021
Cajamarca,May,3167.35,48611.15099999999,15347.577943706883,0.7606292710493524,2021
Callao,May,0.0,0.0,0.0,0.0,2021
Cusco,May,13217.0,189983.25,14374.15828100174,1.1035042826143884,2021
Huancavelica,May,5753.0,80198.05,13940.213801494872,0.71174632674984,2021
Huánuco,May,5340.0,71056.0,13306.367041198502,0.759866527809052,2021
Ica,May,10.0,100.899,10089.9,0.955928700978206,2021
Junín,May,6409.0,107053.19999999994,16703.573100327656,0.6623890738436597,2021
La Libertad,May,6432.0,147146.3,22877.223258706465,0.8465736889068907,2021
Lambayeque,May,170.0,960.0,5647.058823529412,0.9,2021
Lima,May,293.5,2627.8000000000006,8953.321976149917,1.3629538016591822,2021
Lima Metropolitana,May,0.0,0.0,0.0,0.0,2021
Loreto,May,0.0,0.0,0.0,0.0,2021
papare de Dios,May,0.0,0.0,0.0,0.0,2021
Moquegua,May,70.0,697.4090000000001,9962.985714285716,1.2852628801750479,2021
Pasco,May,2204.0,37178.65699999999,16868.71914700544,0.7939664146555914,2021
Piura,May,202.0,2112.0,10455.445544554455,0.775284090909091,2021
Puno,May,21300.0,330494.9,15516.192488262912,1.4267043757710023,2021
San Martín,May,0.0,0.0,0.0,0.0,2021
Tacna,May,28.0,610.0,21785.714285714286,1.501311475409836,2021
Tumbes,May,0.0,0.0,0.0,0.0,2021
Ucayali,May,0.0,0.0,0.0,0.0,2021
Amazonas,Jun,432.0,8014.8,18552.777777777777,1.1594911912961021,2021
Áncash,Jun,604.0,7458.0,12347.6821192053,0.9453472780906408,2021
Apurímac,Jun,8081.0,143303.44,17733.37953223611,0.935810040568461,2021
Arequipa,Jun,379.0,14766.439999999999,38961.583113456465,1.1551404400789902,2021
Ayacucho,Jun,6352.0,86789.0,13663.255667506297,0.9795068499464219,2021
Cajamarca,Jun,1867.25,27626.709999999995,14795.399651894495,0.7881864688194865,2021
Callao,Jun,0.0,0.0,0.0,0.0,2021
Cusco,Jun,6862.0,93177.5,13578.767123287671,1.2729373507552788,2021
Huancavelica,Jun,4235.0,52581.5,12415.938606847698,0.90671880794576,2021
Huánuco,Jun,2254.0,33925.00000000001,15051.020408163267,0.8157783640383198,2021
Ica,Jun,40.5,1158.4810000000002,28604.469135802476,1.3511037902218506,2021
Junín,Jun,5008.0,82212.49999999996,16416.234025559097,0.750618944807663,2021
La Libertad,Jun,3178.5,73526.59999999999,23132.483876042155,0.8955352484679012,2021
Lambayeque,Jun,35.0,175.0,5000.0,0.9,2021
Lima,Jun,187.0,1483.6,7933.689839572193,1.179138581827986,2021
Lima Metropolitana,Jun,0.0,0.0,0.0,0.0,2021
Loreto,Jun,0.0,0.0,0.0,0.0,2021
papare de Dios,Jun,0.0,0.0,0.0,0.0,2021
Moquegua,Jun,3.0,31.22,10406.666666666666,0.9481870595771941,2021
Pasco,Jun,2980.0,55263.100000000006,18544.664429530203,0.9382385425356158,2021
Piura,Jun,163.0,1782.0,10932.515337423312,0.7036812570145904,2021
Puno,Jun,385.0,5663.7,14710.90909090909,1.4098698730511854,2021
San Martín,Jun,0.0,0.0,0.0,0.0,2021
Tacna,Jun,10.0,233.0,23300.0,1.3841201716738198,2021
Tumbes,Jun,0.0,0.0,0.0,0.0,2021
Ucayali,Jun,0.0,0.0,0.0,0.0,2021
Amazonas,Jul,559.0,10166.599999999999,18187.119856887297,1.2637092046505225,2021
Áncash,Jul,276.0,3357.08,12163.333333333332,0.9847188628212613,2021
Apurímac,Jul,3567.5,62338.55,17474.015416958653,1.013015942783398,2021
Arequipa,Jul,533.0,20094.309999999994,37700.39399624764,1.1747345392800252,2021
Ayacucho,Jul,1465.0,19916.0,13594.539249146757,1.0215756175938941,2021
Cajamarca,Jul,1039.3,15967.170000000002,15363.388819397675,0.9910143751209513,2021
Callao,Jul,0.0,0.0,0.0,0.0,2021
Cusco,Jul,576.0,10033.0,17418.402777777777,1.5110734575899532,2021
Huancavelica,Jul,1326.0,16072.049999999997,12120.701357466061,1.0995202852156383,2021
Huánuco,Jul,821.0,17307.0,21080.389768574907,0.8443844687120818,2021
Ica,Jul,558.5,19358.35,34661.32497761862,1.3441446455922121,2021
Junín,Jul,1626.0,27666.0,17014.760147601475,0.7851280994722767,2021
La Libertad,Jul,1144.5,25739.6,22489.820882481432,0.9834239848327094,2021
Lambayeque,Jul,0.0,0.0,0.0,0.0,2021
Lima,Jul,110.0,2233.8,20307.272727272728,1.0751007252215956,2021
Lima Metropolitana,Jul,0.0,0.0,0.0,0.0,2021
Loreto,Jul,0.0,0.0,0.0,0.0,2021
papare de Dios,Jul,0.0,0.0,0.0,0.0,2021
Moquegua,Jul,0.0,0.0,0.0,0.0,2021
Pasco,Jul,753.0,16836.2,22358.831341301462,1.0210418027821004,2021
Piura,Jul,339.0,3802.0,11215.339233038349,0.8259863229879012,2021
Puno,Jul,0.0,0.0,0.0,0.0,2021
San Martín,Jul,0.0,0.0,0.0,0.0,2021
Tacna,Jul,21.0,435.0,20714.285714285714,1.530344827586207,2021
Tumbes,Jul,0.0,0.0,0.0,0.0,2021
Ucayali,Jul,0.0,0.0,0.0,0.0,2021
Amazonas,Ago,647.0,11217.2,17337.24884080371,1.3612568198837502,2021
Áncash,Ago,4.0,51.0,12750.0,1.0,2021
Apurímac,Ago,586.5,11378.0,19399.8294970162,1.0219194937598874,2021
Arequipa,Ago,672.0,24412.349,36327.900297619046,0.9897087658381419,2021
Ayacucho,Ago,9.0,135.0,15000.0,1.1222222222222222,2021
Cajamarca,Ago,1080.5,17072.05,15800.138824618232,1.0051205332692912,2021
Callao,Ago,0.0,0.0,0.0,0.0,2021
Cusco,Ago,21.0,378.0,18000.0,1.2,2021
Huancavelica,Ago,460.0,6515.1,14163.260869565218,1.102793510460315,2021
Huánuco,Ago,873.0,19881.0,22773.19587628866,0.9002696041446606,2021
Ica,Ago,1622.0,56342.92,34736.69543773119,1.0874445839867726,2021
Junín,Ago,224.0,4852.4,21662.499999999996,0.6836841562937929,2021
La Libertad,Ago,216.0,4890.0,22638.88888888889,1.0491595092024542,2021
Lambayeque,Ago,0.0,0.0,0.0,0.0,2021
Lima,Ago,320.0,9819.1,30684.687500000004,1.000631422431791,2021
Lima Metropolitana,Ago,1.0,28.27,28270.0,0.55,2021
Loreto,Ago,0.0,0.0,0.0,0.0,2021
papare de Dios,Ago,0.0,0.0,0.0,0.0,2021
Moquegua,Ago,0.0,0.0,0.0,0.0,2021
Pasco,Ago,217.0,5149.2,23729.032258064515,0.7967907636137653,2021
Piura,Ago,454.0,6348.0,13982.378854625551,0.790883742911153,2021
Puno,Ago,0.0,0.0,0.0,0.0,2021
San Martín,Ago,0.0,0.0,0.0,0.0,2021
Tacna,Ago,20.0,405.0,20250.0,1.5772839506172838,2021
Tumbes,Ago,0.0,0.0,0.0,0.0,2021
Ucayali,Ago,0.0,0.0,0.0,0.0,2021
Amazonas,Set,540.0,9337.799999999997,17292.22222222222,1.4225877615712474,2021
Áncash,Set,61.0,817.5,13401.639344262294,0.9072782874617737,2021
Apurímac,Set,37.0,810.0,21891.89189189189,0.9641975308641976,2021
Arequipa,Set,1614.0,59143.266,36643.907063197024,0.927769088707411,2021
Ayacucho,Set,17.0,225.0,13235.294117647058,1.3456,2021
Cajamarca,Set,1841.3,26701.935,14501.675446695272,1.1461195677391915,2021
Callao,Set,0.0,0.0,0.0,0.0,2021
Cusco,Set,0.0,0.0,0.0,0.0,2021
Huancavelica,Set,251.0,4230.65,16855.179282868525,1.0196352806306364,2021
Huánuco,Set,1833.5,43411.0,23676.574856831197,0.8757418626615374,2021
Ica,Set,943.0,33209.1,35216.436903499474,0.860501910620884,2021
Junín,Set,91.0,1618.8000000000002,17789.01098901099,0.7562101556708675,2021
La Libertad,Set,291.0,6412.0,22034.364261168386,1.0440174672489086,2021
Lambayeque,Set,0.0,0.0,0.0,0.0,2021
Lima,Set,543.0,17591.2,32396.3167587477,0.9274034744645049,2021
Lima Metropolitana,Set,13.0,375.10900000000004,28854.538461538465,0.4120749968675771,2021
Loreto,Set,0.0,0.0,0.0,0.0,2021
papare de Dios,Set,0.0,0.0,0.0,0.0,2021
Moquegua,Set,0.0,0.0,0.0,0.0,2021
Pasco,Set,118.0,2710.5,22970.33898305085,0.5579007563180225,2021
Piura,Set,298.0,2953.0,9909.395973154362,0.7653471046393499,2021
Puno,Set,0.0,0.0,0.0,0.0,2021
San Martín,Set,0.0,0.0,0.0,0.0,2021
Tacna,Set,25.0,506.0,20240.0,1.642885375494071,2021
Tumbes,Set,0.0,0.0,0.0,0.0,2021
Ucayali,Set,0.0,0.0,0.0,0.0,2021
Amazonas,Oct,235.0,4062.0000000000005,17285.106382978724,1.4477252584933529,2021
Áncash,Oct,86.0,1149.5,13366.279069767443,0.9593736407133537,2021
Apurímac,Oct,51.0,1108.0,21725.490196078434,0.6823104693140795,2021
Arequipa,Oct,1592.0,54527.18099999999,34250.74183417085,0.6310132702440641,2021
Ayacucho,Oct,129.0,1975.0,15310.077519379845,1.2771392405063293,2021
Cajamarca,Oct,1544.25,23045.936000000005,14923.707948842484,1.2786189894825704,2021
Callao,Oct,0.0,0.0,0.0,0.0,2021
Cusco,Oct,6.0,90.0,15000.0,1.2,2021
Huancavelica,Oct,649.0,11732.0,18077.04160246533,0.6598184452778725,2021
Huánuco,Oct,3844.0,85725.4,22301.09261186264,0.8522769797516256,2021
Ica,Oct,230.0,7784.9,33847.391304347824,0.8638954899870263,2021
Junín,Oct,174.0,3241.6,18629.885057471263,0.7761691757156959,2021
La Libertad,Oct,892.0,20039.5,22465.807174887894,1.2381845854437485,2021
Lambayeque,Oct,80.0,452.0,5650.0,1.0,2021
Lima,Oct,800.0,25933.6,32417.0,0.8149450905389147,2021
Lima Metropolitana,Oct,20.0,572.21,28610.5,0.46244735324443814,2021
Loreto,Oct,0.0,0.0,0.0,0.0,2021
papare de Dios,Oct,0.0,0.0,0.0,0.0,2021
Moquegua,Oct,2.0,54.74,27370.0,0.73,2021
Pasco,Oct,82.0,1878.0,22902.439024390245,0.6973242811501598,2021
Piura,Oct,188.0,1899.0,10101.063829787234,0.8699104791995788,2021
Puno,Oct,0.0,0.0,0.0,0.0,2021
San Martín,Oct,0.0,0.0,0.0,0.0,2021
Tacna,Oct,17.0,332.0,19529.411764705885,1.7367469879518074,2021
Tumbes,Oct,0.0,0.0,0.0,0.0,2021
Ucayali,Oct,0.0,0.0,0.0,0.0,2021
Amazonas,Nov,54.0,909.6000000000001,16844.44444444445,1.3123350923482846,2021
Áncash,Nov,206.0,2656.0,12893.203883495145,1.097816265060241,2021
Apurímac,Nov,61.0,1054.0,17278.68852459016,1.452561669829222,2021
Arequipa,Nov,881.0,32352.269,36722.212258796826,0.6630078836201566,2021
Ayacucho,Nov,165.0,2561.0,15521.212121212122,1.1361967981257322,2021
Cajamarca,Nov,2078.4,24689.279999999995,11878.983833718243,1.1769296634004718,2021
Callao,Nov,0.0,0.0,0.0,0.0,2021
Cusco,Nov,50.0,561.5,11230.0,1.0418076580587712,2021
Huancavelica,Nov,654.0,9719.6,14861.773700305812,0.9217647845590354,2021
Huánuco,Nov,5613.5,115396.6,20556.97871203349,0.869775937939246,2021
Ica,Nov,31.5,1030.12,32702.22222222222,0.538259620238419,2021
Junín,Nov,338.0,6241.000000000001,18464.49704142012,0.8817112642204773,2021
La Libertad,Nov,1518.0,35188.6,23180.895915678524,1.176838066873931,2021
Lambayeque,Nov,130.0,766.0,5892.307692307692,0.98,2021
Lima,Nov,709.0,23627.1,33324.54160789845,0.7971672359282351,2021
Lima Metropolitana,Nov,4.0,122.0,30500.0,0.55,2021
Loreto,Nov,0.0,0.0,0.0,0.0,2021
papare de Dios,Nov,0.0,0.0,0.0,0.0,2021
Moquegua,Nov,3.0,81.0,27000.0,1.0,2021
Pasco,Nov,128.0,2540.2,19845.3125,0.71143413904417,2021
Piura,Nov,129.0,1466.0,11364.341085271319,0.9148158253751706,2021
Puno,Nov,0.0,0.0,0.0,0.0,2021
San Martín,Nov,0.0,0.0,0.0,0.0,2021
Tacna,Nov,15.0,299.0,19933.333333333332,1.6153846153846154,2021
Tumbes,Nov,0.0,0.0,0.0,0.0,2021
Ucayali,Nov,0.0,0.0,0.0,0.0,2021
Amazonas,Dic,91.0,1614.6999999999998,17743.956043956045,1.6131913048863569,2021
Áncash,Dic,275.0,3542.6,12882.181818181818,1.090969909106306,2021
Apurímac,Dic,124.0,2642.0,21306.451612903224,1.125889477668433,2021
Arequipa,Dic,699.0,27014.070000000003,38646.73819742489,0.8186503921845173,2021
Ayacucho,Dic,342.0,5070.0,14824.561403508773,0.9319704142011833,2021
Cajamarca,Dic,2774.25,28398.039999999997,10236.294494007388,1.0698634483224898,2021
Callao,Dic,0.0,0.0,0.0,0.0,2021
Cusco,Dic,204.0,3095.0,15171.56862745098,1.0279967689822294,2021
Huancavelica,Dic,453.0,8014.000000000001,17690.949227373072,0.8517681557274768,2021
Huánuco,Dic,5536.0,114996.0,20772.398843930634,0.7721385091655362,2021
Ica,Dic,0.0,0.0,0.0,0.0,2021
Junín,Dic,997.0,19353.699999999997,19411.935807422265,0.8477256545260078,2021
La Libertad,Dic,1354.0,32738.0,24178.729689807977,1.1639978007208749,2021
Lambayeque,Dic,0.0,0.0,0.0,0.0,2021
Lima,Dic,561.0,18541.8,33051.33689839572,0.8603571390048433,2021
Lima Metropolitana,Dic,4.0,119.2,29800.0,0.4,2021
Loreto,Dic,0.0,0.0,0.0,0.0,2021
papare de Dios,Dic,0.0,0.0,0.0,0.0,2021
Moquegua,Dic,8.0,148.57,18571.25,0.9363465033317628,2021
Pasco,Dic,239.0,4789.0,20037.65690376569,0.7585049070787221,2021
Piura,Dic,208.0,2261.0,10870.192307692309,0.8040380362671385,2021
Puno,Dic,1503.0,23327.0,15520.292747837659,1.856085223131993,2021
San Martín,Dic,0.0,0.0,0.0,0.0,2021
Tacna,Dic,11.0,237.0,21545.454545454548,1.519409282700422,2021
Tumbes,Dic,0.0,0.0,0.0,0.0,2021
Ucayali,Dic,0.0,0.0,0.0,0.0,2021
Amazonas,Ene,275.5,5042.76,18304.029038112523,1.1000741657346378,2020
Áncash,Ene,474.0,5348.25,11283.227848101265,0.9275206843359977,2020
Apurímac,Ene,907.3,20429.85,22517.1938719277,0.6769332618692747,2020
Arequipa,Ene,449.0,18339.07,40844.25389755011,0.8122205760706515,2020
Ayacucho,Ene,1019.0,18382.0,18039.254170755645,0.8247851158742249,2020
Cajamarca,Ene,3438.8999999999996,36681.100000000006,10666.521271336767,0.8688818492357094,2020
Callao,Ene,0.0,0.0,0.0,0.0,2020
Cusco,Ene,634.0,10145.0,16001.577287066248,1.011946771808773,2020
Huancavelica,Ene,672.0,8433.699999999999,12550.148809523807,0.8521876519202723,2020
Huánuco,Ene,3089.75,56663.0,18339.024192895868,0.6930446675961384,2020
Ica,Ene,0.0,0.0,0.0,0.0,2020
Junín,Ene,1377.85,24257.899999999998,17605.617447472512,0.624394444696367,2020
La Libertad,Ene,683.0,15851.0,23207.906295754026,0.8136103084978865,2020
Lambayeque,Ene,200.0,1500.0,7500.0,0.98,2020
Lima,Ene,783.0,26088.0,33318.00766283525,0.60639374425023,2020
Lima Metropolitana,Ene,3.0,84.28999999999999,28096.666666666664,0.5332803416775419,2020
Loreto,Ene,0.0,0.0,0.0,0.0,2020
papare de Dios,Ene,0.0,0.0,0.0,0.0,2020
Moquegua,Ene,32.0,545.458,17045.5625,0.9348106545325213,2020
Pasco,Ene,480.0,10129.2,21102.500000000004,0.4482303637009833,2020
Piura,Ene,275.0,3433.0,12483.636363636364,0.802912904165453,2020
Puno,Ene,0.0,0.0,0.0,0.0,2020
San Martín,Ene,0.0,0.0,0.0,0.0,2020
Tacna,Ene,18.0,403.0,22388.88888888889,1.5501240694789082,2020
Tumbes,Ene,0.0,0.0,0.0,0.0,2020
Ucayali,Ene,0.0,0.0,0.0,0.0,2020
Amazonas,Feb,190.5,3263.7099999999996,17132.335958005246,1.2025363773129354,2020
Áncash,Feb,955.0,11107.0,11630.366492146597,0.9438966417574501,2020
Apurímac,Feb,542.0,11506.0,21228.782287822876,0.6760942117156266,2020
Arequipa,Feb,490.0,16829.605000000003,34346.132653061235,0.8147395022045967,2020
Ayacucho,Feb,1976.0,36620.0,18532.388663967613,0.5738339705079191,2020
Cajamarca,Feb,3682.0,43146.62,11718.25638240087,0.8028993232841879,2020
Callao,Feb,0.0,0.0,0.0,0.0,2020
Cusco,Feb,1455.0,22017.0,15131.958762886597,1.0270518235908614,2020
Huancavelica,Feb,1639.0,21076.8,12859.548505186089,0.4915388009565019,2020
Huánuco,Feb,3385.25,55364.0,16354.47898973488,0.5712995267682974,2020
Ica,Feb,0.0,0.0,0.0,0.0,2020
Junín,Feb,1572.0,27700.6,17621.24681933842,0.5681591373472052,2020
La Libertad,Feb,1821.5,36557.6,20070.05215481746,0.7510357627415366,2020
Lambayeque,Feb,50.0,365.0,7300.0,0.9075342465753424,2020
Lima,Feb,253.0,5124.4,20254.545454545452,0.5501853875575677,2020
Lima Metropolitana,Feb,3.0,84.9,28300.0,0.5,2020
Loreto,Feb,0.0,0.0,0.0,0.0,2020
papare de Dios,Feb,0.0,0.0,0.0,0.0,2020
Moquegua,Feb,78.0,977.3299999999999,12529.871794871793,0.9993006456365814,2020
Pasco,Feb,841.0,17376.4,20661.593341260406,0.37353134135954513,2020
Piura,Feb,167.0,1613.0,9658.68263473054,1.2,2020
Puno,Feb,566.0,8665.0,15309.187279151944,1.7781188690132719,2020
San Martín,Feb,0.0,0.0,0.0,0.0,2020
Tacna,Feb,85.0,1710.0,20117.647058823528,1.8714035087719298,2020
Tumbes,Feb,0.0,0.0,0.0,0.0,2020
Ucayali,Feb,0.0,0.0,0.0,0.0,2020
Amazonas,Mar,367.0,6776.200000000001,18463.760217983654,1.3578310852690294,2020
Áncash,Mar,1700.0,19977.300000000003,11751.352941176472,0.8918387369664568,2020
Apurímac,Mar,420.5,8224.0,19557.669441141497,0.7151507782101166,2020
Arequipa,Mar,460.0,14750.360000000002,32066.000000000004,0.6359463124967796,2020
Ayacucho,Mar,5720.0,108070.0,18893.356643356645,0.6128601832145829,2020
Cajamarca,Mar,3401.0,50442.59100000001,14831.693913554838,0.7728443077002128,2020
Callao,Mar,0.0,0.0,0.0,0.0,2020
Cusco,Mar,2076.0,31321.5,15087.42774566474,1.1371845218140895,2020
Huancavelica,Mar,2854.0,35793.5,12541.520672740013,0.5694247558914329,2020
Huánuco,Mar,4478.0,58178.0,12991.960696739616,0.722417924301282,2020
Ica,Mar,17.0,169.20000000000002,9952.94117647059,1.2000000000000002,2020
Junín,Mar,3057.0,50819.99999999999,16624.141315014716,0.5037824872097597,2020
La Libertad,Mar,3380.0,69129.90000000001,20452.633136094675,0.8845550622812991,2020
Lambayeque,Mar,5.0,35.0,7000.0,0.7,2020
Lima,Mar,165.5,1465.489,8854.91842900302,1.0221203980377882,2020
Lima Metropolitana,Mar,1.0,28.2,28200.0,0.5,2020
Loreto,Mar,0.0,0.0,0.0,0.0,2020
papare de Dios,Mar,0.0,0.0,0.0,0.0,2020
Moquegua,Mar,211.0,2566.5,12163.507109004739,1.1338000389635694,2020
Pasco,Mar,990.0,19777.870000000003,19977.64646464647,0.3137155416634855,2020
Piura,Mar,111.0,2138.0,19261.26126126126,0.7018709073900842,2020
Puno,Mar,5243.0,75199.0,14342.742704558459,1.7658918336680007,2020
San Martín,Mar,0.0,0.0,0.0,0.0,2020
Tacna,Mar,106.0,2193.0,20688.67924528302,1.7119471044231647,2020
Tumbes,Mar,0.0,0.0,0.0,0.0,2020
Ucayali,Mar,0.0,0.0,0.0,0.0,2020
Amazonas,Abr,470.5,9069.809,19276.95855472901,1.1432212188812356,2020
Áncash,Abr,2180.0,25909.0,11884.862385321101,0.8973252537728202,2020
Apurímac,Abr,2899.0,57955.17,19991.434977578476,0.6550515855617368,2020
Arequipa,Abr,432.0,14128.096000000001,32703.92592592593,0.38930366130014976,2020
Ayacucho,Abr,5409.0,85100.0,15733.037530042522,0.7789552291421856,2020
Cajamarca,Abr,3788.0,55324.88999999999,14605.30359028511,0.8293221474096016,2020
Callao,Abr,0.0,0.0,0.0,0.0,2020
Cusco,Abr,5894.0,87319.0,14814.896504920258,1.051087621250816,2020
Huancavelica,Abr,5617.0,71932.49999999999,12806.21328111091,0.5932226045250756,2020
Huánuco,Abr,7353.75,87141.0,11849.872514023458,0.7056249067603083,2020
Ica,Abr,24.0,230.26,9594.166666666666,0.874190046034917,2020
Junín,Abr,3799.7,60768.55899999999,15992.988656999234,0.4892779603347185,2020
La Libertad,Abr,4059.0,82895.5,20422.641044592263,0.8229278670132876,2020
Lambayeque,Abr,0.0,0.0,0.0,0.0,2020
Lima,Abr,246.75,2048.3,8301.114488348532,0.9268124786408242,2020
Lima Metropolitana,Abr,0.0,0.0,0.0,0.0,2020
Loreto,Abr,0.0,0.0,0.0,0.0,2020
papare de Dios,Abr,0.0,0.0,0.0,0.0,2020
Moquegua,Abr,139.0,1481.199,10656.107913669064,1.2095121924873025,2020
Pasco,Abr,1110.5,21096.267,18997.088698784333,0.3680196264106821,2020
Piura,Abr,98.0,978.0,9979.591836734693,0.6918200408997954,2020
Puno,Abr,37476.0,513809.0,13710.34795602519,1.5469240126194754,2020
San Martín,Abr,0.0,0.0,0.0,0.0,2020
Tacna,Abr,61.0,1086.0,17803.278688524588,1.6728360957642725,2020
Tumbes,Abr,0.0,0.0,0.0,0.0,2020
Ucayali,Abr,0.0,0.0,0.0,0.0,2020
Amazonas,May,460.0,8882.2,19309.130434782608,1.2367864943369886,2020
Áncash,May,1873.0,21925.8,11706.246663107313,1.0307035547163614,2020
Apurímac,May,5584.0,102344.0,18328.08022922636,0.8412264031110763,2020
Arequipa,May,533.0,18049.78,33864.502814258914,0.3648876052782915,2020
Ayacucho,May,8245.0,130183.0,15789.326864766526,0.7702448860450289,2020
Cajamarca,May,3422.5,49688.492,14518.18612125639,0.8223978501903418,2020
Callao,May,0.0,0.0,0.0,0.0,2020
Cusco,May,15238.0,216505.0,14208.229426433914,1.1985254382115889,2020
Huancavelica,May,7298.0,93164.20000000001,12765.716634694438,0.6308611032993359,2020
Huánuco,May,5465.0,73101.0,13376.212259835314,0.6444862860973174,2020
Ica,May,16.0,156.39999999999998,9774.999999999998,1.0,2020
Junín,May,6461.0,101248.6,15670.732084816593,0.39515993307561803,2020
La Libertad,May,4416.0,93328.90000000001,21134.261775362324,0.8167170512027896,2020
Lambayeque,May,10.0,60.0,6000.0,0.9,2020
Lima,May,251.0,2247.0,8952.191235059761,1.030378282153983,2020
Lima Metropolitana,May,0.0,0.0,0.0,0.0,2020
Loreto,May,0.0,0.0,0.0,0.0,2020
papare de Dios,May,0.0,0.0,0.0,0.0,2020
Moquegua,May,51.0,496.82,9741.56862745098,0.8675234491365081,2020
Pasco,May,2422.0,39553.4,16330.883567299754,0.5217890927202212,2020
Piura,May,146.0,1826.0,12506.849315068494,0.774644030668127,2020
Puno,May,16606.0,229030.0,13792.002890521499,1.3345448631183687,2020
San Martín,May,0.0,0.0,0.0,0.0,2020
Tacna,May,4.0,66.0,16500.0,1.5999999999999999,2020
Tumbes,May,0.0,0.0,0.0,0.0,2020
Ucayali,May,0.0,0.0,0.0,0.0,2020
Amazonas,Jun,306.0,5698.09,18621.2091503268,1.206657230756271,2020
Áncash,Jun,834.0,9726.800000000001,11662.829736211032,0.8864683143479871,2020
Apurímac,Jun,6564.9,119897.00999999998,18263.34140657131,0.8241615616602951,2020
Arequipa,Jun,452.0,16111.298999999999,35644.466814159285,0.5015706182350658,2020
Ayacucho,Jun,2820.0,46735.0,16572.69503546099,0.7438480795977317,2020
Cajamarca,Jun,1703.5,23836.222999999998,13992.499559729966,0.8853932235824441,2020
Callao,Jun,0.0,0.0,0.0,0.0,2020
Cusco,Jun,4598.0,63117.5,13727.16398434102,1.1878523388917495,2020
Huancavelica,Jun,4372.0,53960.45000000001,12342.280420860021,0.6951618268565214,2020
Huánuco,Jun,2423.0,36366.0,15008.666941807676,0.6454999175053622,2020
Ica,Jun,6.0,55.75,9291.666666666666,0.9502242152466368,2020
Junín,Jun,5905.0,90600.6,15343.031329381882,0.4160847499906185,2020
La Libertad,Jun,5101.0,107935.6,21159.694177612233,0.7767506735497836,2020
Lambayeque,Jun,70.0,495.0,7071.428571428572,1.0,2020
Lima,Jun,102.0,896.8000000000001,8792.156862745098,1.122691793041927,2020
Lima Metropolitana,Jun,0.0,0.0,0.0,0.0,2020
Loreto,Jun,0.0,0.0,0.0,0.0,2020
papare de Dios,Jun,0.0,0.0,0.0,0.0,2020
Moquegua,Jun,11.0,118.783,10798.454545454546,1.0647146477189497,2020
Pasco,Jun,2396.0,49415.520000000004,20624.17362270451,0.5399840374036334,2020
Piura,Jun,168.0,1875.0,11160.714285714286,0.7175999999999999,2020
Puno,Jun,0.0,0.0,0.0,0.0,2020
San Martín,Jun,0.0,0.0,0.0,0.0,2020
Tacna,Jun,0.0,0.0,0.0,0.0,2020
Tumbes,Jun,0.0,0.0,0.0,0.0,2020
Ucayali,Jun,0.0,0.0,0.0,0.0,2020
Amazonas,Jul,380.0,6993.4490000000005,18403.81315789474,1.0534477480281905,2020
Áncash,Jul,337.0,3911.65,11607.270029673591,1.0133115181572994,2020
Apurímac,Jul,2528.6,40385.0,15971.288460017402,1.0409601337130123,2020
Arequipa,Jul,544.0,19157.257999999994,35215.54779411764,0.5636738514457549,2020
Ayacucho,Jul,440.0,9138.0,20768.18181818182,0.5358295031735609,2020
Cajamarca,Jul,1001.5,13143.944999999996,13124.258612081872,0.8371781074859946,2020
Callao,Jul,0.0,0.0,0.0,0.0,2020
Cusco,Jul,170.0,2772.5,16308.823529411764,1.3500450856627593,2020
Huancavelica,Jul,1182.0,13017.599999999999,11013.197969543146,0.9192765947640119,2020
Huánuco,Jul,661.0,14418.0,21812.405446293495,0.5461621584130948,2020
Ica,Jul,574.0,19673.199999999997,34273.8675958188,0.43577600492039925,2020
Junín,Jul,1711.8,25881.900000000005,15119.698562916232,0.4816467492726577,2020
La Libertad,Jul,1244.0,26454.8,21265.916398713827,0.7734410390552942,2020
Lambayeque,Jul,65.0,400.0,6153.846153846154,0.81,2020
Lima,Jul,49.0,474.0,9673.469387755102,0.7329957805907173,2020
Lima Metropolitana,Jul,0.0,0.0,0.0,0.0,2020
Loreto,Jul,0.0,0.0,0.0,0.0,2020
papare de Dios,Jul,0.0,0.0,0.0,0.0,2020
Moquegua,Jul,0.0,0.0,0.0,0.0,2020
Pasco,Jul,249.0,5723.3,22985.140562249,0.6750572222319292,2020
Piura,Jul,240.0,3128.0,13033.333333333334,0.8607416879795396,2020
Puno,Jul,0.0,0.0,0.0,0.0,2020
San Martín,Jul,0.0,0.0,0.0,0.0,2020
Tacna,Jul,21.0,436.0,20761.904761904763,0.8,2020
Tumbes,Jul,0.0,0.0,0.0,0.0,2020
Ucayali,Jul,0.0,0.0,0.0,0.0,2020
Amazonas,Ago,336.5,6077.415,18060.66864784547,1.0199738869239634,2020
Áncash,Ago,86.0,1019.0,11848.837209302326,0.8532286555446517,2020
Apurímac,Ago,478.0,8379.0,17529.28870292887,0.821625492302184,2020
Arequipa,Ago,840.0,28336.486,33733.9119047619,0.3873460456600017,2020
Ayacucho,Ago,0.0,0.0,0.0,0.0,2020
Cajamarca,Ago,1015.5,14478.640000000001,14257.646479566716,0.8495484382511063,2020
Callao,Ago,0.0,0.0,0.0,0.0,2020
Cusco,Ago,0.0,0.0,0.0,0.0,2020
Huancavelica,Ago,127.0,1751.5,13791.338582677165,0.5538252926063375,2020
Huánuco,Ago,761.0,17275.0,22700.39421813403,0.5591797395079595,2020
Ica,Ago,1350.5,49249.6,36467.678637541656,0.35669418634872163,2020
Junín,Ago,235.0,4031.2,17154.042553191488,0.6429487497519351,2020
La Libertad,Ago,120.0,2195.0,18291.666666666668,0.9121503416856492,2020
Lambayeque,Ago,65.0,385.5,5930.769230769231,0.8097276264591441,2020
Lima,Ago,285.0,7790.26,27334.245614035088,0.5263688246605376,2020
Lima Metropolitana,Ago,0.0,0.0,0.0,0.0,2020
Loreto,Ago,0.0,0.0,0.0,0.0,2020
papare de Dios,Ago,0.0,0.0,0.0,0.0,2020
Moquegua,Ago,1.0,10.1,10100.0,0.6,2020
Pasco,Ago,62.0,1464.2,23616.129032258064,0.43023562354869554,2020
Piura,Ago,345.0,3831.0,11104.347826086956,0.7880971025841816,2020
Puno,Ago,0.0,0.0,0.0,0.0,2020
San Martín,Ago,0.0,0.0,0.0,0.0,2020
Tacna,Ago,21.0,414.0,19714.285714285714,0.8115942028985508,2020
Tumbes,Ago,0.0,0.0,0.0,0.0,2020
Ucayali,Ago,0.0,0.0,0.0,0.0,2020
Amazonas,Set,308.5,5580.849999999998,18090.27552674229,1.0608828762643687,2020
Áncash,Set,21.0,254.0,12095.238095238095,0.8288976377952756,2020
Apurímac,Set,36.0,816.0,22666.666666666668,0.7419117647058823,2020
Arequipa,Set,1823.0,65015.39,35663.95501919912,0.41741646862381354,2020
Ayacucho,Set,4.0,62.0,15500.0,0.9225806451612903,2020
Cajamarca,Set,1356.0,19010.705,14019.693952802361,0.8189785486650809,2020
Callao,Set,0.0,0.0,0.0,0.0,2020
Cusco,Set,5.0,80.0,16000.0,1.3,2020
Huancavelica,Set,144.0,1823.0,12659.72222222222,0.5443911135490949,2020
Huánuco,Set,1838.0,42261.0,22992.927094668117,0.5439997870376942,2020
Ica,Set,985.5,35117.630000000005,35634.327752409954,0.34048107460554705,2020
Junín,Set,81.0,1347.6,16637.037037037036,0.46518774116948647,2020
La Libertad,Set,476.0,10073.4,21162.605042016807,0.7841616534635771,2020
Lambayeque,Set,60.0,420.0,7000.0,0.9,2020
Lima,Set,592.0,16911.06,28565.979729729734,0.45796951817331377,2020
Lima Metropolitana,Set,17.0,513.4,30200.0,0.6,2020
Loreto,Set,0.0,0.0,0.0,0.0,2020
papare de Dios,Set,0.0,0.0,0.0,0.0,2020
Moquegua,Set,0.0,0.0,0.0,0.0,2020
Pasco,Set,110.0,2610.0,23727.272727272728,0.4536551724137931,2020
Piura,Set,217.0,2454.0,11308.755760368664,1.1158924205378973,2020
Puno,Set,0.0,0.0,0.0,0.0,2020
San Martín,Set,0.0,0.0,0.0,0.0,2020
Tacna,Set,38.0,740.0,19473.684210526317,0.8043243243243242,2020
Tumbes,Set,0.0,0.0,0.0,0.0,2020
Ucayali,Set,0.0,0.0,0.0,0.0,2020
Amazonas,Oct,282.5,5099.500000000001,18051.327433628325,1.069875477988038,2020
Áncash,Oct,77.0,953.0,12376.623376623376,0.7746589716684156,2020
Apurímac,Oct,31.0,683.0,22032.25806451613,0.5276720351390922,2020
Arequipa,Oct,1400.0,47698.16900000001,34070.120714285724,0.42702709405889366,2020
Ayacucho,Oct,49.0,718.0,14653.061224489797,1.1074651810584957,2020
Cajamarca,Oct,1427.5,18781.955999999995,13157.23712784588,0.7951074786885882,2020
Callao,Oct,0.0,0.0,0.0,0.0,2020
Cusco,Oct,40.0,640.0,16000.0,1.2,2020
Huancavelica,Oct,316.0,4214.0,13335.443037974683,0.4732676791646891,2020
Huánuco,Oct,4257.15,88058.0,20684.73039474766,0.4852627813486565,2020
Ica,Oct,290.0,9419.57,32481.275862068964,0.3774271012371053,2020
Junín,Oct,202.0,3561.4,17630.693069306933,0.4487280283034762,2020
La Libertad,Oct,1079.0,23137.0,21443.002780352177,0.9083230323723908,2020
Lambayeque,Oct,55.0,415.0,7545.454545454546,0.9,2020
Lima,Oct,1169.5,42216.73,36098.10175288585,0.48601549670000493,2020
Lima Metropolitana,Oct,18.0,572.4,31799.999999999996,0.35,2020
Loreto,Oct,0.0,0.0,0.0,0.0,2020
papare de Dios,Oct,0.0,0.0,0.0,0.0,2020
Moquegua,Oct,1.0,12.0,12000.0,0.6,2020
Pasco,Oct,39.0,1321.0,33871.79487179487,0.25641180923542767,2020
Piura,Oct,308.0,3352.0,10883.116883116883,0.7332637231503579,2020
Puno,Oct,0.0,0.0,0.0,0.0,2020
San Martín,Oct,0.0,0.0,0.0,0.0,2020
Tacna,Oct,12.0,260.0,21666.666666666668,0.8,2020
Tumbes,Oct,0.0,0.0,0.0,0.0,2020
Ucayali,Oct,0.0,0.0,0.0,0.0,2020
Amazonas,Nov,163.5,2895.1699999999996,17707.461773700303,0.8922809368707194,2020
Áncash,Nov,98.0,1256.0,12816.326530612245,0.7399124203821656,2020
Apurímac,Nov,82.0,1302.0,15878.048780487805,0.7327188940092166,2020
Arequipa,Nov,978.0,35662.488000000005,36464.71165644172,0.43611467881881916,2020
Ayacucho,Nov,202.0,3141.0,15549.50495049505,1.0578478191658705,2020
Cajamarca,Nov,1196.5,14410.449999999999,12043.836188884245,0.8336165421621116,2020
Callao,Nov,0.0,0.0,0.0,0.0,2020
Cusco,Nov,105.0,956.0,9104.761904761905,1.1769874476987447,2020
Huancavelica,Nov,492.0,6665.2,13547.154471544714,0.5097521454720039,2020
Huánuco,Nov,5907.5,111918.0,18945.069826491745,0.547693847281045,2020
Ica,Nov,35.0,1203.0,34371.42857142857,0.383142144638404,2020
Junín,Nov,473.0,7973.5,16857.293868921777,0.5062293848372735,2020
La Libertad,Nov,1935.0,41543.1,21469.302325581397,0.798916595054293,2020
Lambayeque,Nov,25.0,170.0,6800.0,0.88,2020
Lima,Nov,1102.0,40540.0,36787.65880217786,0.48457215096201284,2020
Lima Metropolitana,Nov,9.0,275.87,30652.222222222223,0.6949664697139957,2020
Loreto,Nov,0.0,0.0,0.0,0.0,2020
papare de Dios,Nov,0.0,0.0,0.0,0.0,2020
Moquegua,Nov,0.0,0.0,0.0,0.0,2020
Pasco,Nov,151.8,2859.8,18839.262187088272,0.33445170990978385,2020
Piura,Nov,133.0,1364.0,10255.63909774436,0.7277126099706744,2020
Puno,Nov,85.0,1279.0,15047.05882352941,1.5354182955433935,2020
San Martín,Nov,0.0,0.0,0.0,0.0,2020
Tacna,Nov,11.0,228.0,20727.272727272728,0.9578947368421052,2020
Tumbes,Nov,0.0,0.0,0.0,0.0,2020
Ucayali,Nov,0.0,0.0,0.0,0.0,2020
Amazonas,Dic,130.0,2324.809,17883.146153846155,0.8340422030368945,2020
Áncash,Dic,331.0,4063.1,12275.226586102719,0.8673180576407179,2020
Apurímac,Dic,331.0,6504.0,19649.546827794562,0.7496156211562117,2020
Arequipa,Dic,655.0,25676.864,39201.319083969465,0.4497086949558951,2020
Ayacucho,Dic,662.0,10742.0,16226.586102719033,0.6764578290821075,2020
Cajamarca,Dic,3026.0,26569.849999999995,8780.51883674818,0.8076065540452806,2020
Callao,Dic,0.0,0.0,0.0,0.0,2020
Cusco,Dic,424.0,7176.0,16924.528301886792,0.953010033444816,2020
Huancavelica,Dic,551.0,8018.3,14552.268602540835,0.5597395956748937,2020
Huánuco,Dic,4939.0,104170.00000000001,21091.3140311804,0.5382600652779109,2020
Ica,Dic,0.0,0.0,0.0,0.0,2020
Junín,Dic,1104.0,20067.0,18176.630434782608,0.5040935366522151,2020
La Libertad,Dic,1346.5,28398.6,21090.67953954697,0.9072015521891925,2020
Lambayeque,Dic,0.0,0.0,0.0,0.0,2020
Lima,Dic,857.0,28243.5,32956.24270711785,0.5822280524722504,2020
Lima Metropolitana,Dic,0.0,0.0,0.0,0.0,2020
Loreto,Dic,0.0,0.0,0.0,0.0,2020
papare de Dios,Dic,0.0,0.0,0.0,0.0,2020
Moquegua,Dic,25.0,437.19000000000005,17487.600000000002,0.5156853999405292,2020
Pasco,Dic,202.25,3615.5499999999997,17876.63782447466,0.4336435673687269,2020
Piura,Dic,84.0,1526.0,18166.666666666668,0.7632699868938401,2020
Puno,Dic,1877.0,26988.0,14378.263185935002,1.6009300429820659,2020
San Martín,Dic,0.0,0.0,0.0,0.0,2020
Tacna,Dic,15.0,328.0,21866.666666666668,0.8957317073170731,2020
Tumbes,Dic,0.0,0.0,0.0,0.0,2020
Ucayali,Dic,0.0,0.0,0.0,0.0,2020
Amazonas,Ene,146.5,2526.2,17243.686006825934,1.3571118676272667,2019
Áncash,Ene,312.0,3537.0,11336.538461538461,1.3719988690981058,2019
Apurímac,Ene,201.0,3919.0,19497.512437810947,1.0930594539423324,2019
Arequipa,Ene,451.0,17586.119,38993.611973392464,0.8860050361310532,2019
Ayacucho,Ene,434.0,8474.0,19525.345622119814,0.9395208874203447,2019
Cajamarca,Ene,2067.0,21953.54,10620.967585873246,0.7735761977339416,2019
Callao,Ene,0.0,0.0,0.0,0.0,2019
Cusco,Ene,741.0,11270.0,15209.176788124158,1.3623247559893523,2019
Huancavelica,Ene,729.0,7786.079000000001,10680.492455418382,0.7004679672528368,2019
Huánuco,Ene,3616.0,63231.0,17486.449115044248,1.036960668026759,2019
Ica,Ene,0.0,0.0,0.0,0.0,2019
Junín,Ene,801.0,13191.8,16469.16354556804,0.9652062644976426,2019
La Libertad,Ene,853.0,17850.699999999993,20926.963657678774,1.273003915812826,2019
Lambayeque,Ene,0.0,0.0,0.0,0.0,2019
Lima,Ene,1431.0,43428.5,30348.35779175402,0.7878996511507421,2019
Lima Metropolitana,Ene,0.0,0.0,0.0,0.0,2019
Loreto,Ene,0.0,0.0,0.0,0.0,2019
Madre de Dios,Ene,0.0,0.0,0.0,0.0,2019
Moquegua,Ene,35.0,571.81,16337.42857142857,0.8804594183382592,2019
Pasco,Ene,314.0,6536.0,20815.28662420382,0.7669461444308446,2019
Piura,Ene,83.0,962.0,11590.361445783134,0.6999999999999998,2019
Puno,Ene,0.0,0.0,0.0,0.0,2019
San Martín,Ene,0.0,0.0,0.0,0.0,2019
Tacna,Ene,7.0,141.0,20142.85714285714,1.1375886524822696,2019
Tumbes,Ene,0.0,0.0,0.0,0.0,2019
Ucayali,Ene,0.0,0.0,0.0,0.0,2019
Amazonas,Feb,192.5,3325.2,17273.766233766233,1.5385366293756768,2019
Áncash,Feb,987.0,11032.2,11177.507598784196,0.9767435325683,2019
Apurímac,Feb,548.0,11223.0,20479.92700729927,1.0916617660162167,2019
Arequipa,Feb,431.0,15386.479999999998,35699.48955916472,1.1301929356162033,2019
Ayacucho,Feb,1144.0,20402.0,17833.916083916083,0.8068816782668365,2019
Cajamarca,Feb,3050.0,35303.59,11574.947540983607,0.8747001225654389,2019
Callao,Feb,0.0,0.0,0.0,0.0,2019
Cusco,Feb,1379.0,20372.0,14773.023930384337,1.5097653642254076,2019
Huancavelica,Feb,1507.0,19806.24,13142.82680822827,0.6569995213629642,2019
Huánuco,Feb,3586.0,59751.8,16662.52091466815,0.904045786068369,2019
Ica,Feb,16.0,187.0,11687.5,1.2352941176470589,2019
Junín,Feb,1842.0,30522.62,16570.369163952226,0.835664533385404,2019
La Libertad,Feb,1893.5,35504.6,18750.778980723528,1.0883078249015614,2019
Lambayeque,Feb,0.0,0.0,0.0,0.0,2019
Lima,Feb,180.0,2374.6,13192.222222222223,0.727356186305062,2019
Lima Metropolitana,Feb,0.0,0.0,0.0,0.0,2019
Loreto,Feb,0.0,0.0,0.0,0.0,2019
Madre de Dios,Feb,0.0,0.0,0.0,0.0,2019
Moquegua,Feb,97.0,1287.7890000000002,13276.17525773196,1.228543262910306,2019
Pasco,Feb,675.0,12735.7,18867.703703703704,0.807060860415996,2019
Piura,Feb,105.0,1195.0,11380.952380952382,0.7,2019
Puno,Feb,631.0,9650.0,15293.185419968306,1.632455958549223,2019
San Martín,Feb,0.0,0.0,0.0,0.0,2019
Tacna,Feb,58.0,1019.0,17568.96551724138,1.435721295387635,2019
Tumbes,Feb,0.0,0.0,0.0,0.0,2019
Ucayali,Feb,0.0,0.0,0.0,0.0,2019
Amazonas,Mar,357.5,6961.850000000001,19473.7062937063,1.0351670173876195,2019
Áncash,Mar,1217.0,13561.0,11142.974527526705,1.0185480421797803,2019
Apurímac,Mar,464.5,8682.9,18693.003229278795,1.144361906736229,2019
Arequipa,Mar,417.0,12304.459000000003,29507.095923261397,1.4881617062562442,2019
Ayacucho,Mar,2044.0,35547.0,17390.900195694714,0.9037313978676121,2019
Cajamarca,Mar,4226.0,57451.18,13594.69474680549,1.0152120461233345,2019
Callao,Mar,0.0,0.0,0.0,0.0,2019
Cusco,Mar,1592.5,22483.36,14118.279434850863,1.3110553226919819,2019
Huancavelica,Mar,3025.0,36661.93,12119.646280991736,0.802520543790248,2019
Huánuco,Mar,4344.0,59485.0,13693.600368324125,1.070009531814743,2019
Ica,Mar,9.3,92.77000000000001,9975.268817204302,1.2200927023822359,2019
Junín,Mar,2857.0,47437.0,16603.780189009452,0.9035293125619247,2019
La Libertad,Mar,3575.0,71867.8,20102.88111888112,1.2205191754861,2019
Lambayeque,Mar,0.0,0.0,0.0,0.0,2019
Lima,Mar,150.0,1491.1000000000001,9940.666666666668,0.745315538863926,2019
Lima Metropolitana,Mar,0.0,0.0,0.0,0.0,2019
Loreto,Mar,0.0,0.0,0.0,0.0,2019
Madre de Dios,Mar,0.0,0.0,0.0,0.0,2019
Moquegua,Mar,113.0,1296.708,11475.292035398232,1.40508267859842,2019
Pasco,Mar,1212.0,26227.588999999996,21639.924917491746,0.6992366968995893,2019
Piura,Mar,141.0,1397.0,9907.801418439716,0.6969219756621331,2019
Puno,Mar,4752.0,68790.4,14476.094276094274,1.7950160923617244,2019
San Martín,Mar,0.0,0.0,0.0,0.0,2019
Tacna,Mar,151.0,2882.0,19086.09271523179,1.500034698126301,2019
Tumbes,Mar,0.0,0.0,0.0,0.0,2019
Ucayali,Mar,0.0,0.0,0.0,0.0,2019
Amazonas,Abr,536.5,10657.479999999998,19864.82758620689,1.1773519631282443,2019
Áncash,Abr,2304.0,25294.0,10978.298611111111,0.9578971297540918,2019
Apurímac,Abr,1449.0,25593.85,17663.112491373362,1.231546836447037,2019
Arequipa,Abr,386.0,11403.231,29542.049222797927,0.9242868446670947,2019
Ayacucho,Abr,4271.0,69907.0,16367.829548115196,1.0357832548957902,2019
Cajamarca,Abr,3939.0,52197.060000000005,13251.348057882713,1.0297126121662792,2019
Callao,Abr,0.0,0.0,0.0,0.0,2019
Cusco,Abr,5124.5,68249.31999999999,13318.239828275928,1.1828233893026332,2019
Huancavelica,Abr,5639.0,69594.68,12341.670508955489,0.8237127349389349,2019
Huánuco,Abr,6799.0,79735.0,11727.459920576555,0.9465853263936792,2019
Ica,Abr,18.0,167.3,9294.444444444443,1.4874476987447698,2019
Junín,Abr,4972.0,81455.09999999998,16382.763475462585,0.7390220624614052,2019
La Libertad,Abr,4391.5,89437.40000000001,20366.02527610156,0.9933332587933013,2019
Lambayeque,Abr,0.0,0.0,0.0,0.0,2019
Lima,Abr,212.5,1737.1,8174.588235294116,0.9206263312417247,2019
Lima Metropolitana,Abr,0.0,0.0,0.0,0.0,2019
Loreto,Abr,0.0,0.0,0.0,0.0,2019
Madre de Dios,Abr,0.0,0.0,0.0,0.0,2019
Moquegua,Abr,210.0,2210.76,10527.428571428572,1.3094227776873109,2019
Pasco,Abr,1344.0,25990.269,19337.99776785714,0.8040759216459052,2019
Piura,Abr,119.0,1431.0,12025.210084033613,0.7,2019
Puno,Abr,30622.0,422698.7,13803.758735549605,1.4384826733557496,2019
San Martín,Abr,0.0,0.0,0.0,0.0,2019
Tacna,Abr,84.0,1606.0,19119.047619047622,1.5443337484433373,2019
Tumbes,Abr,0.0,0.0,0.0,0.0,2019
Ucayali,Abr,0.0,0.0,0.0,0.0,2019
Amazonas,May,470.0,9597.535000000002,20420.287234042557,1.571296483940929,2019
Áncash,May,1998.0,22638.0,11330.330330330331,0.9602632741408251,2019
Apurímac,May,5691.5,101918.1,17907.071949398225,1.075255818152026,2019
Arequipa,May,390.0,13737.213000000002,35223.62307692308,0.8626801338815959,2019
Ayacucho,May,7908.0,132498.0,16754.931714719274,0.94693919908225,2019
Cajamarca,May,2885.5,41411.08,14351.439958412755,1.0349380842035512,2019
Callao,May,0.0,0.0,0.0,0.0,2019
Cusco,May,17382.0,243811.06,14026.64020250834,1.1658749656393768,2019
Huancavelica,May,6042.0,69222.93999999997,11456.957960940083,0.8405514848112491,2019
Huánuco,May,5170.0,66474.0,12857.640232108317,0.975021963474441,2019
Ica,May,24.0,227.0,9458.333333333334,1.3999999999999997,2019
Junín,May,6268.0,97307.60000000005,15524.5054243778,0.7037452367543743,2019
La Libertad,May,4555.0,97929.079,21499.248957189902,0.8791461911941391,2019
Lambayeque,May,0.0,0.0,0.0,0.0,2019
Lima,May,224.5,1864.05,8303.118040089088,1.0526032027037904,2019
Lima Metropolitana,May,0.0,0.0,0.0,0.0,2019
Loreto,May,0.0,0.0,0.0,0.0,2019
Madre de Dios,May,0.0,0.0,0.0,0.0,2019
Moquegua,May,83.0,968.439,11667.939759036144,0.9116065131619028,2019
Pasco,May,2735.5,42824.399000000005,15655.053555108758,0.9554426358674641,2019
Piura,May,122.0,1277.0,10467.213114754099,0.7884494909945183,2019
Puno,May,22187.0,300754.42,13555.434263307343,1.2612043946020812,2019
San Martín,May,0.0,0.0,0.0,0.0,2019
Tacna,May,20.0,330.0,16500.0,1.6121212121212125,2019
Tumbes,May,0.0,0.0,0.0,0.0,2019
Ucayali,May,0.0,0.0,0.0,0.0,2019
Amazonas,Jun,313.5,6315.39,20144.784688995216,1.5074267780770465,2019
Áncash,Jun,1042.0,11701.0,11229.36660268714,0.9990385437142123,2019
Apurímac,Jun,8229.5,136485.5,16584.90795309557,1.151602990793894,2019
Arequipa,Jun,339.0,11869.116,35012.14159292035,0.9251288571111784,2019
Ayacucho,Jun,5372.0,90082.0,16768.80119136262,0.9023706178814856,2019
Cajamarca,Jun,1435.5,19339.5,13472.309299895507,1.1663561622585894,2019
Callao,Jun,0.0,0.0,0.0,0.0,2019
Cusco,Jun,4415.0,62377.5,14128.539071347677,1.162689751913751,2019
Huancavelica,Jun,4693.0,50218.010000000024,10700.620072448333,0.9289507688576267,2019
Huánuco,Jun,2243.0,32552.0,14512.706197057512,1.0402055173261242,2019
Ica,Jun,9.0,85.4,9488.888888888889,1.3215456674473067,2019
Junín,Jun,4742.0,71675.50000000003,15115.035849852387,0.7303151146486597,2019
La Libertad,Jun,3938.5,83612.6,21229.554398882825,1.0233210544822189,2019
Lambayeque,Jun,60.0,575.0,9583.333333333334,0.6739130434782609,2019
Lima,Jun,139.0,1424.0,10244.604316546764,1.050316011235955,2019
Lima Metropolitana,Jun,0.0,0.0,0.0,0.0,2019
Loreto,Jun,0.0,0.0,0.0,0.0,2019
Madre de Dios,Jun,0.0,0.0,0.0,0.0,2019
Moquegua,Jun,12.0,171.79999999999995,14316.666666666662,0.9822665890570433,2019
Pasco,Jun,2186.0,42363.819,19379.606129917658,0.9999226816638035,2019
Piura,Jun,159.0,1603.0,10081.761006289309,0.916406737367436,2019
Puno,Jun,190.0,2446.15,12874.473684210527,0.7728082905790733,2019
San Martín,Jun,0.0,0.0,0.0,0.0,2019
Tacna,Jun,0.0,0.0,0.0,0.0,2019
Tumbes,Jun,0.0,0.0,0.0,0.0,2019
Ucayali,Jun,0.0,0.0,0.0,0.0,2019
Amazonas,Jul,320.5,6142.929999999999,19166.70826833073,1.5750927814577076,2019
Áncash,Jul,390.0,4428.0,11353.846153846154,1.1013888888888888,2019
Apurímac,Jul,4569.0,80729.0,17668.85532939374,1.157314595746262,2019
Arequipa,Jul,455.0,17225.749000000003,37858.78901098902,1.0619983026572604,2019
Ayacucho,Jul,558.0,8580.0,15376.344086021505,1.051946386946387,2019
Cajamarca,Jul,1333.0,17562.4,13175.093773443361,1.1865468273128958,2019
Callao,Jul,0.0,0.0,0.0,0.0,2019
Cusco,Jul,521.0,6950.0,13339.731285988482,1.4981007194244604,2019
Huancavelica,Jul,3084.0,30162.26,9780.239948119326,1.0073488425602055,2019
Huánuco,Jul,967.0,20416.0,21112.71975180972,1.0669376959247647,2019
Ica,Jul,707.0,27398.839999999997,38753.66336633663,1.204391981558343,2019
Junín,Jul,1205.0,18660.199999999997,15485.64315352697,0.8341858072260749,2019
La Libertad,Jul,1694.0,35101.2,20720.897284533647,1.0220081934520755,2019
Lambayeque,Jul,0.0,0.0,0.0,0.0,2019
Lima,Jul,94.0,1583.7,16847.872340425532,0.9636642040790553,2019
Lima Metropolitana,Jul,0.0,0.0,0.0,0.0,2019
Loreto,Jul,0.0,0.0,0.0,0.0,2019
Madre de Dios,Jul,0.0,0.0,0.0,0.0,2019
Moquegua,Jul,10.0,134.43,13443.000000000002,1.137560812318679,2019
Pasco,Jul,62.0,1442.4,23264.516129032258,0.7360787576261786,2019
Piura,Jul,214.0,2182.0,10196.26168224299,0.8120531622364804,2019
Puno,Jul,0.0,0.0,0.0,0.0,2019
San Martín,Jul,0.0,0.0,0.0,0.0,2019
Tacna,Jul,17.0,326.0,19176.470588235294,1.5723926380368098,2019
Tumbes,Jul,0.0,0.0,0.0,0.0,2019
Ucayali,Jul,0.0,0.0,0.0,0.0,2019
Amazonas,Ago,387.5,7067.049999999999,18237.548387096773,1.5207302905738602,2019
Áncash,Ago,169.0,1904.5,11269.23076923077,1.159621948017852,2019
Apurímac,Ago,2190.5,41451.407,18923.26272540516,1.4313195086478003,2019
Arequipa,Ago,1142.0,41068.335999999996,35961.76532399299,1.0978704055601378,2019
Ayacucho,Ago,6.0,78.0,13000.0,1.2923076923076924,2019
Cajamarca,Ago,1376.0,18750.699999999997,13626.962209302324,1.3351930861247852,2019
Callao,Ago,0.0,0.0,0.0,0.0,2019
Cusco,Ago,0.0,0.0,0.0,0.0,2019
Huancavelica,Ago,1102.0,10981.918,9965.44283121597,0.9639452825999976,2019
Huánuco,Ago,838.0,19516.0,23288.782816229115,1.2407122361139578,2019
Ica,Ago,1418.5,54164.888,38184.62319351428,1.1883682370025395,2019
Junín,Ago,248.7,4174.9,16786.89183755529,0.8722927495269349,2019
La Libertad,Ago,426.0,8915.5,20928.403755868545,1.0784762492288709,2019
Lambayeque,Ago,20.0,150.0,7500.0,0.5,2019
Lima,Ago,325.0,8899.5,27383.076923076926,0.7417090847800437,2019
Lima Metropolitana,Ago,2.0,60.0,30000.0,0.65,2019
Loreto,Ago,0.0,0.0,0.0,0.0,2019
Madre de Dios,Ago,0.0,0.0,0.0,0.0,2019
Moquegua,Ago,1.0,27.34,27340.0,0.98,2019
Pasco,Ago,202.0,4708.0,23306.93069306931,0.688965590484282,2019
Piura,Ago,180.0,2333.0,12961.11111111111,0.9487783969138448,2019
Puno,Ago,0.0,0.0,0.0,0.0,2019
San Martín,Ago,0.0,0.0,0.0,0.0,2019
Tacna,Ago,26.0,491.0,18884.615384615383,1.3576374745417517,2019
Tumbes,Ago,0.0,0.0,0.0,0.0,2019
Ucayali,Ago,0.0,0.0,0.0,0.0,2019
Amazonas,Set,402.5,7207.000000000001,17905.5900621118,1.5544565006243931,2019
Áncash,Set,99.0,1176.5,11883.838383838383,1.1874628134296643,2019
Apurímac,Set,19.0,402.0,21157.894736842107,1.2268656716417912,2019
Arequipa,Set,1564.0,56828.61,36335.428388746805,1.344437676726564,2019
Ayacucho,Set,7.0,75.0,10714.285714285714,1.9253333333333333,2019
Cajamarca,Set,1894.0,24897.84,13145.638859556493,1.4768122455602573,2019
Callao,Set,0.0,0.0,0.0,0.0,2019
Cusco,Set,0.0,0.0,0.0,0.0,2019
Huancavelica,Set,500.0,5745.9,11491.8,0.8404037661636993,2019
Huánuco,Set,1922.0,43555.2,22661.39438085328,1.2434527220630371,2019
Ica,Set,780.5,30096.46,38560.4868673927,1.3789588941689488,2019
Junín,Set,132.0,1884.0,14272.727272727274,1.0825371549893845,2019
La Libertad,Set,586.0,12383.2,21131.74061433447,1.6485567543122939,2019
Lambayeque,Set,0.0,0.0,0.0,0.0,2019
Lima,Set,462.0,12405.168,26851.012987012986,1.0844530924530809,2019
Lima Metropolitana,Set,18.0,551.1,30616.666666666668,0.67,2019
Loreto,Set,0.0,0.0,0.0,0.0,2019
Madre de Dios,Set,0.0,0.0,0.0,0.0,2019
Moquegua,Set,3.0,82.5,27500.0,1.0,2019
Pasco,Set,67.0,1579.5,23574.626865671642,0.807977207977208,2019
Piura,Set,265.0,2798.0,10558.490566037737,0.7805218012866332,2019
Puno,Set,0.0,0.0,0.0,0.0,2019
San Martín,Set,0.0,0.0,0.0,0.0,2019
Tacna,Set,26.0,531.0,20423.076923076922,1.6585687382297554,2019
Tumbes,Set,0.0,0.0,0.0,0.0,2019
Ucayali,Set,0.0,0.0,0.0,0.0,2019
Amazonas,Oct,276.0,4947.969,17927.42391304348,2.0014619978419437,2019
Áncash,Oct,81.0,977.0,12061.728395061727,1.2930399181166836,2019
Apurímac,Oct,30.0,655.0,21833.333333333332,1.0442748091603054,2019
Arequipa,Oct,2240.0,77072.53,34407.37946428571,1.3008857941993082,2019
Ayacucho,Oct,53.0,975.0,18396.22641509434,1.886153846153846,2019
Cajamarca,Oct,2048.0,25029.800000000003,12221.582031250002,1.5085861652909731,2019
Callao,Oct,0.0,0.0,0.0,0.0,2019
Cusco,Oct,0.0,0.0,0.0,0.0,2019
Huancavelica,Oct,749.0,9268.199999999999,12374.098798397861,0.8144029045553614,2019
Huánuco,Oct,3517.0,73066.0,20775.09240830253,1.2798788766320852,2019
Ica,Oct,530.0,18964.65,35782.35849056604,1.3137918442997891,2019
Junín,Oct,420.85,6278.45,14918.498277295948,1.1769341955418933,2019
La Libertad,Oct,917.0,20464.4,22316.684841875685,1.6209000508199598,2019
Lambayeque,Oct,0.0,0.0,0.0,0.0,2019
Lima,Oct,601.0,16013.019,26643.95840266223,1.0491584691181592,2019
Lima Metropolitana,Oct,10.0,297.24,29724.0,0.6673731664648096,2019
Loreto,Oct,0.0,0.0,0.0,0.0,2019
Madre de Dios,Oct,0.0,0.0,0.0,0.0,2019
Moquegua,Oct,1.0,27.96,27960.0,0.9,2019
Pasco,Oct,53.0,1246.5,23518.867924528302,0.812354592860008,2019
Piura,Oct,259.0,3182.0,12285.714285714286,1.3823067253299812,2019
Puno,Oct,0.0,0.0,0.0,0.0,2019
San Martín,Oct,0.0,0.0,0.0,0.0,2019
Tacna,Oct,16.0,325.0,20312.5,1.7495384615384617,2019
Tumbes,Oct,0.0,0.0,0.0,0.0,2019
Ucayali,Oct,0.0,0.0,0.0,0.0,2019
Amazonas,Nov,172.0,3652.97,21238.197674418603,2.1386112669964445,2019
Áncash,Nov,124.0,1516.2,12227.41935483871,1.2822516818361693,2019
Apurímac,Nov,23.0,448.0,19478.26086956522,1.4595982142857142,2019
Arequipa,Nov,1149.0,39390.270000000004,34282.21932114883,1.0863034957617705,2019
Ayacucho,Nov,60.0,1365.0,22750.0,1.6043956043956045,2019
Cajamarca,Nov,1348.5,16362.72,12134.01557285873,1.415478080661406,2019
Callao,Nov,0.0,0.0,0.0,0.0,2019
Cusco,Nov,55.5,432.24,7788.108108108108,1.2762909494725152,2019
Huancavelica,Nov,950.0,11929.4,12557.263157894737,0.9201376431337704,2019
Huánuco,Nov,5741.0,109680.0,19104.685594844104,1.494647200948213,2019
Ica,Nov,84.5,2709.0,32059.17159763314,1.301314138058324,2019
Junín,Nov,498.0,8460.6,16989.156626506025,1.099867621681677,2019
La Libertad,Nov,1198.5,28566.5,23835.210680016688,1.5957572681287524,2019
Lambayeque,Nov,30.0,210.0,7000.0,0.7,2019
Lima,Nov,861.0,26169.1,30393.844367015095,1.3186448903477765,2019
Lima Metropolitana,Nov,6.0,175.97,29328.333333333332,0.65357731431494,2019
Loreto,Nov,0.0,0.0,0.0,0.0,2019
Madre de Dios,Nov,0.0,0.0,0.0,0.0,2019
Moquegua,Nov,0.0,0.0,0.0,0.0,2019
Pasco,Nov,47.5,1114.75,23468.42105263158,0.8107647454586231,2019
Piura,Nov,193.0,1998.0,10352.331606217616,1.2,2019
Puno,Nov,705.0,9473.0,13436.879432624113,1.6581230866673706,2019
San Martín,Nov,0.0,0.0,0.0,0.0,2019
Tacna,Nov,9.0,191.0,21222.222222222223,1.655497382198953,2019
Tumbes,Nov,0.0,0.0,0.0,0.0,2019
Ucayali,Nov,0.0,0.0,0.0,0.0,2019
Amazonas,Dic,150.0,2676.45,17843.0,1.5342263072353308,2019
Áncash,Dic,280.0,3340.0,11928.57142857143,1.314788922155688,2019
Apurímac,Dic,137.0,3268.0,23854.014598540147,0.7233170134638922,2019
Arequipa,Dic,612.0,23797.843,38885.36437908497,1.0027205742974268,2019
Ayacucho,Dic,43.0,725.0,16860.46511627907,1.4470344827586206,2019
Cajamarca,Dic,1695.5,16792.579999999998,9904.205249189028,1.1627183315488152,2019
Callao,Dic,0.0,0.0,0.0,0.0,2019
Cusco,Dic,286.5,3668.0,12802.792321116929,1.5962922573609597,2019
Huancavelica,Dic,654.0,7761.200000000001,11867.278287461773,0.8715404834303975,2019
Huánuco,Dic,4545.0,89106.0,19605.280528052805,1.2047290081475994,2019
Ica,Dic,13.0,335.0,25769.23076923077,1.2,2019
Junín,Dic,834.0,14250.8,17087.290167865707,0.9398943918937888,2019
La Libertad,Dic,1814.5,40717.0,22439.79057591623,1.5663553306972515,2019
Lambayeque,Dic,5.0,25.0,5000.0,0.95,2019
Lima,Dic,752.0,25409.05,33788.630319148935,0.8134774814485389,2019
Lima Metropolitana,Dic,2.0,56.25,28125.0,0.52,2019
Loreto,Dic,0.0,0.0,0.0,0.0,2019
Madre de Dios,Dic,0.0,0.0,0.0,0.0,2019
Moquegua,Dic,11.0,171.51999999999998,15592.727272727272,1.1360680970149255,2019
Pasco,Dic,198.0,4190.7,21165.151515151516,0.9811344166845636,2019
Piura,Dic,146.0,1573.0,10773.972602739725,1.4934520025429114,2019
Puno,Dic,1643.0,24964.0,15194.157029823493,2.008303957699087,2019
San Martín,Dic,0.0,0.0,0.0,0.0,2019
Tacna,Dic,4.0,85.0,21250.0,1.7,2019
Tumbes,Dic,0.0,0.0,0.0,0.0,2019
Ucayali,Dic,0.0,0.0,0.0,0.0,2019
