Región,meses,cosecha,year,produccion,rendimiento
Amazonas,Ene,1.6929811814284677,2022,,
Áncash,Ene,4.825879381506807,2022,,
Apurímac,Ene,3.4930873585068696,2022,,
Arequipa,Ene,4.9949841605068634,2022,,
Ayacucho,Ene,6.478975289683094,2022,,
Cajamarca,Ene,2.7482783027214497,2022,,
Callao,Ene,0.0,2022,,
Cusco,Ene,1.4162318840579708,2022,,
Huancavelica,Ene,4.2735186496695,2022,,
Huánuco,Ene,2.314827806122449,2022,,
Ica,Ene,5.999999999999999,2022,,
Junín,Ene,1.5412227476252254,2022,,
La Libertad,Ene,3.2924625352125654,2022,,
Lambayeque,Ene,3.3555555555555556,2022,,
Lima,Ene,4.134521733902484,2022,,
Lima Metropolitana,Ene,3.3285714285714283,2022,,
Loreto,Ene,0.476763925729443,2022,,
higore de Dios,Ene,0.0,2022,,
Moquegua,Ene,8.441309255079009,2022,,
Pasco,Ene,2.9439917559162345,2022,,
Piura,Ene,3.1391666666666667,2022,,
Puno,Ene,2.4300404203718675,2022,,
San Martín,Ene,1.1283916083916086,2022,,
Tacna,Ene,0.0,2022,,
Tumbes,Ene,0.0,2022,,
Ucayali,Ene,1.1025568651968447,2022,,
Amazonas,Feb,1.808966103356978,2022,,
Áncash,Feb,3.8243056397816857,2022,,
Apurímac,Feb,3.1493805833868023,2022,,
Arequipa,Feb,4.273856578204404,2022,,
Ayacucho,Feb,5.393446723361681,2022,,
Cajamarca,Feb,2.8626628207074543,2022,,
Callao,Feb,0.0,2022,,
Cusco,Feb,4.991896272285251,2022,,
Huancavelica,Feb,4.486028147240162,2022,,
Huánuco,Feb,2.3186855582109933,2022,,
Ica,Feb,6.018095572733661,2022,,
Junín,Feb,1.52741037735849,2022,,
La Libertad,Feb,3.2294269865790635,2022,,
Lambayeque,Feb,2.5,2022,,
Lima,Feb,3.315497157121066,2022,,
Lima Metropolitana,Feb,2.9908504176157935,2022,,
Loreto,Feb,0.4842368421052631,2022,,
higore de Dios,Feb,0.0,2022,,
Moquegua,Feb,7.240335051546392,2022,,
Pasco,Feb,1.0082102939147233,2022,,
Piura,Feb,1.8063595505617975,2022,,
Puno,Feb,2.487642455032267,2022,,
San Martín,Feb,0.8872151898734177,2022,,
Tacna,Feb,0.0,2022,,
Tumbes,Feb,0.0,2022,,
Ucayali,Feb,1.0673642694712904,2022,,
Amazonas,Mar,1.8812255240727942,2022,,
Áncash,Mar,3.9959818668864617,2022,,
Apurímac,Mar,3.314363735663572,2022,,
Arequipa,Mar,4.561187864438372,2022,,
Ayacucho,Mar,5.249482232395901,2022,,
Cajamarca,Mar,2.814110196141526,2022,,
Callao,Mar,0.0,2022,,
Cusco,Mar,4.988873435326843,2022,,
Huancavelica,Mar,4.5995537378323945,2022,,
Huánuco,Mar,2.727575322812052,2022,,
Ica,Mar,6.1218581200213915,2022,,
Junín,Mar,1.558011873804033,2022,,
La Libertad,Mar,4.3814980838491095,2022,,
Lambayeque,Mar,2.8252691980731086,2022,,
Lima,Mar,3.9427403344661665,2022,,
Lima Metropolitana,Mar,2.8127567567567566,2022,,
Loreto,Mar,0.4897089947089948,2022,,
higore de Dios,Mar,0.0,2022,,
Moquegua,Mar,6.422984203301321,2022,,
Pasco,Mar,1.05418511390677,2022,,
Piura,Mar,2.6421185185185188,2022,,
Puno,Mar,2.579710144927536,2022,,
San Martín,Mar,1.0872727272727272,2022,,
Tacna,Mar,0.0,2022,,
Tumbes,Mar,0.0,2022,,
Ucayali,Mar,1.1044009961348824,2022,,
Amazonas,Abr,1.805577603775609,2022,,
Áncash,Abr,3.995089733935744,2022,,
Apurímac,Abr,3.236542247915881,2022,,
Arequipa,Abr,3.8217676916685233,2022,,
Ayacucho,Abr,4.612044496648932,2022,,
Cajamarca,Abr,2.3704684317718945,2022,,
Callao,Abr,0.0,2022,,
Cusco,Abr,2.0229007633587788,2022,,
Huancavelica,Abr,4.16560376925656,2022,,
Huánuco,Abr,2.8392679738562094,2022,,
Ica,Abr,3.891602352911997,2022,,
Junín,Abr,1.4548337165099816,2022,,
La Libertad,Abr,3.9544702255708333,2022,,
Lambayeque,Abr,3.275972929838561,2022,,
Lima,Abr,3.411219490318748,2022,,
Lima Metropolitana,Abr,2.8957425018288228,2022,,
Loreto,Abr,0.49563909774436105,2022,,
higore de Dios,Abr,0.0,2022,,
Moquegua,Abr,6.021226131860214,2022,,
Pasco,Abr,1.9049446981440363,2022,,
Piura,Abr,2.827158273381295,2022,,
Puno,Abr,2.574067679558011,2022,,
San Martín,Abr,1.1275362318840578,2022,,
Tacna,Abr,7.0,2022,,
Tumbes,Abr,0.0,2022,,
Ucayali,Abr,1.1807989085459956,2022,,
Amazonas,May,1.953688372667737,2022,,
Áncash,May,3.889373819915188,2022,,
Apurímac,May,3.3512106811495816,2022,,
Arequipa,May,3.3997750150313233,2022,,
Ayacucho,May,3.2358130511463843,2022,,
Cajamarca,May,2.735056876938986,2022,,
Callao,May,0.0,2022,,
Cusco,May,1.510844892812106,2022,,
Huancavelica,May,3.945128891464693,2022,,
Huánuco,May,3.216282135794331,2022,,
Ica,May,2.8437693371902903,2022,,
Junín,May,1.5003471170352418,2022,,
La Libertad,May,3.0985638017507218,2022,,
Lambayeque,May,3.539249249249249,2022,,
Lima,May,2.482311170658181,2022,,
Lima Metropolitana,May,3.022302679217958,2022,,
Loreto,May,0.4816842105263156,2022,,
higore de Dios,May,0.0,2022,,
Moquegua,May,5.8478962733129265,2022,,
Pasco,May,2.452763470866967,2022,,
Piura,May,3.1546527777777778,2022,,
Puno,May,0.0,2022,,
San Martín,May,1.2973684210526315,2022,,
Tacna,May,5.615,2022,,
Tumbes,May,0.0,2022,,
Ucayali,May,1.2622688447612773,2022,,
Amazonas,Jun,2.399698753936738,2022,,
Áncash,Jun,3.692495415087419,2022,,
Apurímac,Jun,2.871884984025559,2022,,
Arequipa,Jun,3.9913317022020274,2022,,
Ayacucho,Jun,2.583888157894737,2022,,
Cajamarca,Jun,3.2117692605497496,2022,,
Callao,Jun,0.0,2022,,
Cusco,Jun,1.3777362020579984,2022,,
Huancavelica,Jun,2.454706804511018,2022,,
Huánuco,Jun,3.312030598052851,2022,,
Ica,Jun,3.042394005892266,2022,,
Junín,Jun,1.5257426245055774,2022,,
La Libertad,Jun,3.6924250639848744,2022,,
Lambayeque,Jun,2.7944391084026097,2022,,
Lima,Jun,2.8667086481947934,2022,,
Lima Metropolitana,Jun,2.997431506849315,2022,,
Loreto,Jun,0.4807216494845361,2022,,
higore de Dios,Jun,0.0,2022,,
Moquegua,Jun,4.897213613238993,2022,,
Pasco,Jun,1.6692318314254546,2022,,
Piura,Jun,1.823811074918567,2022,,
Puno,Jun,0.0,2022,,
San Martín,Jun,1.3892857142857142,2022,,
Tacna,Jun,5.0,2022,,
Tumbes,Jun,0.0,2022,,
Ucayali,Jun,1.2950764958993786,2022,,
Amazonas,Jul,2.3647283406754775,2022,,
Áncash,Jul,4.238566473988439,2022,,
Apurímac,Jul,3.0644350149300648,2022,,
Arequipa,Jul,2.040258449304175,2022,,
Ayacucho,Jul,2.697289029535865,2022,,
Cajamarca,Jul,3.405090909090909,2022,,
Callao,Jul,0.0,2022,,
Cusco,Jul,1.4239190432382707,2022,,
Huancavelica,Jul,2.8686895876667076,2022,,
Huánuco,Jul,3.2729411764705882,2022,,
Ica,Jul,3.1434219308904816,2022,,
Junín,Jul,1.576547865687744,2022,,
La Libertad,Jul,3.815793664867214,2022,,
Lambayeque,Jul,2.8042443064182194,2022,,
Lima,Jul,2.869795353435492,2022,,
Lima Metropolitana,Jul,3.5212014134275615,2022,,
Loreto,Jul,0.4649723756906078,2022,,
higore de Dios,Jul,0.0,2022,,
Moquegua,Jul,4.685040250447228,2022,,
Pasco,Jul,1.792784650082012,2022,,
Piura,Jul,1.8255603448275861,2022,,
Puno,Jul,0.0,2022,,
San Martín,Jul,3.7142857142857144,2022,,
Tacna,Jul,4.0,2022,,
Tumbes,Jul,0.0,2022,,
Ucayali,Jul,1.3444541484716157,2022,,
Amazonas,Ago,2.610393380751923,2022,,
Áncash,Ago,4.810128165051578,2022,,
Apurímac,Ago,2.918316531033645,2022,,
Arequipa,Ago,3.7989909056932847,2022,,
Ayacucho,Ago,2.3376942355889723,2022,,
Cajamarca,Ago,3.073260073260074,2022,,
Callao,Ago,0.0,2022,,
Cusco,Ago,1.778034682080925,2022,,
Huancavelica,Ago,3.102897959183673,2022,,
Huánuco,Ago,2.679037267080745,2022,,
Ica,Ago,3.6281134408144675,2022,,
Junín,Ago,1.5574958205900935,2022,,
La Libertad,Ago,3.652181811619485,2022,,
Lambayeque,Ago,2.8,2022,,
Lima,Ago,2.80083459001485,2022,,
Lima Metropolitana,Ago,3.6791927899686523,2022,,
Loreto,Ago,0.46979899497487443,2022,,
higore de Dios,Ago,0.0,2022,,
Moquegua,Ago,4.705963725791577,2022,,
Pasco,Ago,2.14620310404292,2022,,
Piura,Ago,1.5604672897196263,2022,,
Puno,Ago,0.0,2022,,
San Martín,Ago,3.727272727272727,2022,,
Tacna,Ago,0.0,2022,,
Tumbes,Ago,0.0,2022,,
Ucayali,Ago,0.0,2022,,
Amazonas,Set,2.599895506792059,2022,,
Áncash,Set,4.962527424308907,2022,,
Apurímac,Set,2.8550516647531587,2022,,
Arequipa,Set,3.9980630879911456,2022,,
Ayacucho,Set,2.7253184713375798,2022,,
Cajamarca,Set,2.85769318440848,2022,,
Callao,Set,0.0,2022,,
Cusco,Set,2.0,2022,,
Huancavelica,Set,2.3793436293436296,2022,,
Huánuco,Set,2.5339993944898582,2022,,
Ica,Set,4.058974582172702,2022,,
Junín,Set,1.4353871773522067,2022,,
La Libertad,Set,3.9115363156025147,2022,,
Lambayeque,Set,2.8,2022,,
Lima,Set,2.830343070544672,2022,,
Lima Metropolitana,Set,5.0,2022,,
Loreto,Set,0.472198275862069,2022,,
higore de Dios,Set,0.0,2022,,
Moquegua,Set,5.465866155255324,2022,,
Pasco,Set,2.936231970481905,2022,,
Piura,Set,0.8772847682119205,2022,,
Puno,Set,0.0,2022,,
San Martín,Set,3.214545454545455,2022,,
Tacna,Set,0.0,2022,,
Tumbes,Set,0.0,2022,,
Ucayali,Set,0.0,2022,,
Amazonas,Oct,2.5836836480227996,2022,,
Áncash,Oct,5.275210084033613,2022,,
Apurímac,Oct,4.333333333333333,2022,,
Arequipa,Oct,3.5,2022,,
Ayacucho,Oct,4.023596899224807,2022,,
Cajamarca,Oct,2.9530313236780064,2022,,
Callao,Oct,0.0,2022,,
Cusco,Oct,2.0,2022,,
Huancavelica,Oct,3.5,2022,,
Huánuco,Oct,2.5681356515751426,2022,,
Ica,Oct,0.0,2022,,
Junín,Oct,1.4946758820386425,2022,,
La Libertad,Oct,4.008409241605185,2022,,
Lambayeque,Oct,2.8,2022,,
Lima,Oct,3.6943703075503227,2022,,
Lima Metropolitana,Oct,6.5,2022,,
Loreto,Oct,0.46978540772532185,2022,,
higore de Dios,Oct,4.642917015926237,2022,,
Moquegua,Oct,7.200000000000001,2022,,
Pasco,Oct,2.613881049716471,2022,,
Piura,Oct,0.899607843137255,2022,,
Puno,Oct,0.0,2022,,
San Martín,Oct,1.3676923076923075,2022,,
Tacna,Oct,0.0,2022,,
Tumbes,Oct,0.0,2022,,
Ucayali,Oct,1.2618961603631829,2022,,
Amazonas,Nov,2.5576600275585624,2022,,
Áncash,Nov,5.478622327790974,2022,,
Apurímac,Nov,0.0,2022,,
Arequipa,Nov,3.5,2022,,
Ayacucho,Nov,4.493023983315952,2022,,
Cajamarca,Nov,3.2753205510852172,2022,,
Callao,Nov,0.0,2022,,
Cusco,Nov,1.3781065088757396,2022,,
Huancavelica,Nov,3.558823529411765,2022,,
Huánuco,Nov,2.5594413549039428,2022,,
Ica,Nov,0.0,2022,,
Junín,Nov,1.4949049879882959,2022,,
La Libertad,Nov,3.803162488722356,2022,,
Lambayeque,Nov,1.5,2022,,
Lima,Nov,3.533526134478799,2022,,
Lima Metropolitana,Nov,4.5,2022,,
Loreto,Nov,0.47078774617067837,2022,,
higore de Dios,Nov,5.305348460291734,2022,,
Moquegua,Nov,8.2,2022,,
Pasco,Nov,2.6802876952217582,2022,,
Piura,Nov,1.026987951807229,2022,,
Puno,Nov,2.507920792079208,2022,,
San Martín,Nov,1.1699378881987579,2022,,
Tacna,Nov,0.0,2022,,
Tumbes,Nov,0.0,2022,,
Ucayali,Nov,1.5916101658777877,2022,,
Amazonas,Dic,2.5743208982252805,2022,,
Áncash,Dic,5.043288864688265,2022,,
Apurímac,Dic,0.0,2022,,
Arequipa,Dic,3.5,2022,,
Ayacucho,Dic,4.7132445036642245,2022,,
Cajamarca,Dic,3.0107213144265317,2022,,
Callao,Dic,0.0,2022,,
Cusco,Dic,1.3466346153846156,2022,,
Huancavelica,Dic,5.5,2022,,
Huánuco,Dic,3.0374322425215827,2022,,
Ica,Dic,0.0,2022,,
Junín,Dic,1.496768374394392,2022,,
La Libertad,Dic,3.7030241423125787,2022,,
Lambayeque,Dic,0.0,2022,,
Lima,Dic,3.997900536740607,2022,,
Lima Metropolitana,Dic,4.5,2022,,
Loreto,Dic,0.47090056285178233,2022,,
higore de Dios,Dic,5.443715846994536,2022,,
Moquegua,Dic,7.995551222970578,2022,,
Pasco,Dic,2.234267896319168,2022,,
Piura,Dic,1.5450877192982455,2022,,
Puno,Dic,2.616738197424893,2022,,
San Martín,Dic,1.3294464944649447,2022,,
Tacna,Dic,0.0,2022,,
Tumbes,Dic,0.0,2022,,
Ucayali,Dic,1.5665877528047876,2022,,
Amazonas,Ene,1.454353895590792,2021,,
Áncash,Ene,3.579432055190117,2021,,
Apurímac,Ene,3.3136573104315037,2021,,
Arequipa,Ene,4.925,2021,,
Ayacucho,Ene,6.242467202708422,2021,,
Cajamarca,Ene,2.6250132328845472,2021,,
Callao,Ene,0.0,2021,,
Cusco,Ene,1.6129395218002816,2021,,
Huancavelica,Ene,4.767333635129018,2021,,
Huánuco,Ene,1.9352364864864862,2021,,
Ica,Ene,0.0,2021,,
Junín,Ene,1.0362380262162845,2021,,
La Libertad,Ene,2.8682430088127133,2021,,
Lambayeque,Ene,4.174623115577889,2021,,
Lima,Ene,4.272052035249685,2021,,
Lima Metropolitana,Ene,2.7999999999999994,2021,,
Loreto,Ene,0.4755347593582887,2021,,
higore de Dios,Ene,0.0,2021,,
Moquegua,Ene,5.9553623057971175,2021,,
Pasco,Ene,3.174238431537894,2021,,
Piura,Ene,1.548148148148148,2021,,
Puno,Ene,2.4928917609046852,2021,,
San Martín,Ene,1.3754237288135593,2021,,
Tacna,Ene,0.0,2021,,
Tumbes,Ene,0.0,2021,,
Ucayali,Ene,0.7702146015780802,2021,,
Amazonas,Feb,1.7888554469390838,2021,,
Áncash,Feb,3.518535849841419,2021,,
Apurímac,Feb,2.9979349186483106,2021,,
Arequipa,Feb,4.189825859630577,2021,,
Ayacucho,Feb,6.741313771257086,2021,,
Cajamarca,Feb,2.36362537942416,2021,,
Callao,Feb,0.0,2021,,
Cusco,Feb,1.1,2021,,
Huancavelica,Feb,4.560867312574478,2021,,
Huánuco,Feb,2.0464007352941174,2021,,
Ica,Feb,7.144755970924195,2021,,
Junín,Feb,1.0556167193013957,2021,,
La Libertad,Feb,2.3923078002497777,2021,,
Lambayeque,Feb,4.600499999999999,2021,,
Lima,Feb,4.571462227108527,2021,,
Lima Metropolitana,Feb,2.746666666666667,2021,,
Loreto,Feb,0.4826649076517149,2021,,
higore de Dios,Feb,0.0,2021,,
Moquegua,Feb,5.853354939810527,2021,,
Pasco,Feb,1.1583547462796933,2021,,
Piura,Feb,3.19347181008902,2021,,
Puno,Feb,2.4232782369146006,2021,,
San Martín,Feb,1.0461224489795917,2021,,
Tacna,Feb,0.0,2021,,
Tumbes,Feb,0.0,2021,,
Ucayali,Feb,0.7558779653196972,2021,,
Amazonas,Mar,1.6835052520087161,2021,,
Áncash,Mar,3.3525342406001917,2021,,
Apurímac,Mar,2.8803495052261274,2021,,
Arequipa,Mar,4.274590301059296,2021,,
Ayacucho,Mar,6.615483947399598,2021,,
Cajamarca,Mar,2.2575136172795554,2021,,
Callao,Mar,0.0,2021,,
Cusco,Mar,4.98639455782313,2021,,
Huancavelica,Mar,4.625930343237881,2021,,
Huánuco,Mar,2.28504347826087,2021,,
Ica,Mar,6.374933608683585,2021,,
Junín,Mar,1.0523290054878864,2021,,
La Libertad,Mar,3.05676028705395,2021,,
Lambayeque,Mar,4.746835937499999,2021,,
Lima,Mar,4.278514901498568,2021,,
Lima Metropolitana,Mar,2.622752666328085,2021,,
Loreto,Mar,0.48662269129287594,2021,,
higore de Dios,Mar,0.0,2021,,
Moquegua,Mar,4.822707010671349,2021,,
Pasco,Mar,1.1196056275870465,2021,,
Piura,Mar,2.7158811475409834,2021,,
Puno,Mar,2.4505208333333335,2021,,
San Martín,Mar,1.1841071428571428,2021,,
Tacna,Mar,6.0,2021,,
Tumbes,Mar,0.0,2021,,
Ucayali,Mar,0.7576352998537301,2021,,
Amazonas,Abr,1.5712872738906143,2021,,
Áncash,Abr,3.463767653395037,2021,,
Apurímac,Abr,2.9528374726547413,2021,,
Arequipa,Abr,4.044478091725972,2021,,
Ayacucho,Abr,5.471307786717578,2021,,
Cajamarca,Abr,2.1580909943714826,2021,,
Callao,Abr,0.0,2021,,
Cusco,Abr,4.160550458715596,2021,,
Huancavelica,Abr,4.556736411254545,2021,,
Huánuco,Abr,2.4808985507246377,2021,,
Ica,Abr,6.053499438121686,2021,,
Junín,Abr,1.10910074286459,2021,,
La Libertad,Abr,3.5448930220256782,2021,,
Lambayeque,Abr,4.49069175188534,2021,,
Lima,Abr,3.616558865913738,2021,,
Lima Metropolitana,Abr,2.6119327073552423,2021,,
Loreto,Abr,0.4843445692883895,2021,,
higore de Dios,Abr,0.0,2021,,
Moquegua,Abr,4.6808117030965395,2021,,
Pasco,Abr,1.6976442428451115,2021,,
Piura,Abr,2.5929865125240847,2021,,
Puno,Abr,2.4155709342560554,2021,,
San Martín,Abr,1.506060606060606,2021,,
Tacna,Abr,0.0,2021,,
Tumbes,Abr,0.0,2021,,
Ucayali,Abr,0.7536063819391314,2021,,
Amazonas,May,1.7309966825328142,2021,,
Áncash,May,3.4243109540636043,2021,,
Apurímac,May,3.3288093255620317,2021,,
Arequipa,May,4.002127322720414,2021,,
Ayacucho,May,3.92365252293578,2021,,
Cajamarca,May,2.207410106899903,2021,,
Callao,May,0.0,2021,,
Cusco,May,1.5191802103250478,2021,,
Huancavelica,May,4.50072901168969,2021,,
Huánuco,May,2.8569402985074617,2021,,
Ica,May,5.43982180590903,2021,,
Junín,May,1.2407947869440357,2021,,
La Libertad,May,3.727090376080178,2021,,
Lambayeque,May,4.46436575204712,2021,,
Lima,May,3.6784243847646274,2021,,
Lima Metropolitana,May,2.5840843023255817,2021,,
Loreto,May,0.4777248677248678,2021,,
higore de Dios,May,0.0,2021,,
Moquegua,May,4.582984197800295,2021,,
Pasco,May,2.2259784301962284,2021,,
Piura,May,2.4481386392811295,2021,,
Puno,May,0.0,2021,,
San Martín,May,3.19,2021,,
Tacna,May,4.833333333333333,2021,,
Tumbes,May,0.0,2021,,
Ucayali,May,0.739807744609456,2021,,
Amazonas,Jun,1.7445120185346075,2021,,
Áncash,Jun,3.829232145138623,2021,,
Apurímac,Jun,3.401883105347309,2021,,
Arequipa,Jun,4.395999445330374,2021,,
Ayacucho,Jun,3.01195652173913,2021,,
Cajamarca,Jun,2.5441707717569786,2021,,
Callao,Jun,0.0,2021,,
Cusco,Jun,1.3780056256238093,2021,,
Huancavelica,Jun,3.964301182137376,2021,,
Huánuco,Jun,3.1563157894736844,2021,,
Ica,Jun,4.41884831019561,2021,,
Junín,Jun,1.5335083691150864,2021,,
La Libertad,Jun,3.9290700112225148,2021,,
Lambayeque,Jun,3.9930460380272175,2021,,
Lima,Jun,3.955407742776364,2021,,
Lima Metropolitana,Jun,3.1969448244414043,2021,,
Loreto,Jun,0.47835051546391744,2021,,
higore de Dios,Jun,0.0,2021,,
Moquegua,Jun,4.61971878026786,2021,,
Pasco,Jun,2.5484012846398167,2021,,
Piura,Jun,2.33465825446898,2021,,
Puno,Jun,0.0,2021,,
San Martín,Jun,1.8325000000000002,2021,,
Tacna,Jun,5.0,2021,,
Tumbes,Jun,0.0,2021,,
Ucayali,Jun,0.7327549435759394,2021,,
Amazonas,Jul,1.8254735565994848,2021,,
Áncash,Jul,4.023447090596612,2021,,
Apurímac,Jul,3.163948289269051,2021,,
Arequipa,Jul,3.900900900900901,2021,,
Ayacucho,Jul,3.5876404494382026,2021,,
Cajamarca,Jul,2.5395973154362417,2021,,
Callao,Jul,0.0,2021,,
Cusco,Jul,1.3847043214556483,2021,,
Huancavelica,Jul,3.6069377990430618,2021,,
Huánuco,Jul,3.1194,2021,,
Ica,Jul,4.386390469099032,2021,,
Junín,Jul,1.75371669209286,2021,,
La Libertad,Jul,3.88398588705167,2021,,
Lambayeque,Jul,2.7080502772245247,2021,,
Lima,Jul,4.613950910656758,2021,,
Lima Metropolitana,Jul,3.426276771004942,2021,,
Loreto,Jul,0.46922651933701653,2021,,
higore de Dios,Jul,0.0,2021,,
Moquegua,Jul,5.087940500902804,2021,,
Pasco,Jul,2.362688957367821,2021,,
Piura,Jul,1.501025641025641,2021,,
Puno,Jul,0.0,2021,,
San Martín,Jul,2.189583333333334,2021,,
Tacna,Jul,5.2,2021,,
Tumbes,Jul,0.0,2021,,
Ucayali,Jul,0.7292782026768642,2021,,
Amazonas,Ago,1.8625072308073716,2021,,
Áncash,Ago,4.294957118353344,2021,,
Apurímac,Ago,3.8294446586964903,2021,,
Arequipa,Ago,5.0,2021,,
Ayacucho,Ago,3.6795799299883316,2021,,
Cajamarca,Ago,2.816058394160584,2021,,
Callao,Ago,0.0,2021,,
Cusco,Ago,1.802439024390244,2021,,
Huancavelica,Ago,3.063594470046083,2021,,
Huánuco,Ago,1.844191176470588,2021,,
Ica,Ago,5.491147299176021,2021,,
Junín,Ago,1.836763812993321,2021,,
La Libertad,Ago,3.8497861679017187,2021,,
Lambayeque,Ago,2.887888,2021,,
Lima,Ago,3.28528738081287,2021,,
Lima Metropolitana,Ago,3.1192864030858245,2021,,
Loreto,Ago,0.4610769230769231,2021,,
higore de Dios,Ago,0.0,2021,,
Moquegua,Ago,5.309424706903073,2021,,
Pasco,Ago,2.2650377262598225,2021,,
Piura,Ago,2.066666666666667,2021,,
Puno,Ago,0.0,2021,,
San Martín,Ago,1.2466666666666664,2021,,
Tacna,Ago,0.0,2021,,
Tumbes,Ago,0.0,2021,,
Ucayali,Ago,0.0,2021,,
Amazonas,Set,1.8822257423375226,2021,,
Áncash,Set,4.714947856315179,2021,,
Apurímac,Set,3.340826023391813,2021,,
Arequipa,Set,4.993473746662711,2021,,
Ayacucho,Set,5.4868421052631575,2021,,
Cajamarca,Set,1.8270122783083218,2021,,
Callao,Set,0.0,2021,,
Cusco,Set,2.0,2021,,
Huancavelica,Set,3.2000000000000006,2021,,
Huánuco,Set,1.828095238095238,2021,,
Ica,Set,6.0,2021,,
Junín,Set,1.9163510494858227,2021,,
La Libertad,Set,3.959292209542815,2021,,
Lambayeque,Set,2.757142857142857,2021,,
Lima,Set,3.83539272622431,2021,,
Lima Metropolitana,Set,3.5,2021,,
Loreto,Set,0.45928571428571413,2021,,
higore de Dios,Set,5.0,2021,,
Moquegua,Set,7.061318792193585,2021,,
Pasco,Set,2.5235861951136167,2021,,
Piura,Set,0.0,2021,,
Puno,Set,0.0,2021,,
San Martín,Set,1.4500000000000002,2021,,
Tacna,Set,0.0,2021,,
Tumbes,Set,0.0,2021,,
Ucayali,Set,0.0,2021,,
Amazonas,Oct,1.8216292358380952,2021,,
Áncash,Oct,5.7033527696793005,2021,,
Apurímac,Oct,0.0,2021,,
Arequipa,Oct,4.9944598337950135,2021,,
Ayacucho,Oct,4.8811731207289295,2021,,
Cajamarca,Oct,2.5037377368633242,2021,,
Callao,Oct,0.0,2021,,
Cusco,Oct,2.0,2021,,
Huancavelica,Oct,0.0,2021,,
Huánuco,Oct,1.8313222871438113,2021,,
Ica,Oct,0.0,2021,,
Junín,Oct,1.747694995375604,2021,,
La Libertad,Oct,3.7792019668160166,2021,,
Lambayeque,Oct,4.5169999999999995,2021,,
Lima,Oct,3.612639706509684,2021,,
Lima Metropolitana,Oct,3.45,2021,,
Loreto,Oct,0.4626548672566372,2021,,
higore de Dios,Oct,4.283651226158039,2021,,
Moquegua,Oct,8.0,2021,,
Pasco,Oct,2.1025371516040563,2021,,
Piura,Oct,3.505,2021,,
Puno,Oct,0.0,2021,,
San Martín,Oct,1.0279518072289158,2021,,
Tacna,Oct,0.0,2021,,
Tumbes,Oct,0.0,2021,,
Ucayali,Oct,0.9499999999999998,2021,,
Amazonas,Nov,1.40906441888105,2021,,
Áncash,Nov,5.727669902912622,2021,,
Apurímac,Nov,0.0,2021,,
Arequipa,Nov,5.9447852760736195,2021,,
Ayacucho,Nov,5.361769911504424,2021,,
Cajamarca,Nov,2.4340859634990473,2021,,
Callao,Nov,0.0,2021,,
Cusco,Nov,1.328482972136223,2021,,
Huancavelica,Nov,0.0,2021,,
Huánuco,Nov,1.9904548931150257,2021,,
Ica,Nov,0.0,2021,,
Junín,Nov,1.4475146209639853,2021,,
La Libertad,Nov,3.8153561435895536,2021,,
Lambayeque,Nov,0.0,2021,,
Lima,Nov,4.31584062196307,2021,,
Lima Metropolitana,Nov,2.022666666666667,2021,,
Loreto,Nov,0.4685201793721973,2021,,
higore de Dios,Nov,4.445425361155698,2021,,
Moquegua,Nov,8.69200652528548,2021,,
Pasco,Nov,2.809233449477352,2021,,
Piura,Nov,3.81,2021,,
Puno,Nov,2.423232323232323,2021,,
San Martín,Nov,0.8614332247557003,2021,,
Tacna,Nov,0.0,2021,,
Tumbes,Nov,0.0,2021,,
Ucayali,Nov,1.0104264170566823,2021,,
Amazonas,Dic,1.4008316933945117,2021,,
Áncash,Dic,4.691532892666038,2021,,
Apurímac,Dic,0.0,2021,,
Arequipa,Dic,4.9966722129783685,2021,,
Ayacucho,Dic,5.617904411764706,2021,,
Cajamarca,Dic,2.144593432689158,2021,,
Callao,Dic,0.0,2021,,
Cusco,Dic,1.2908387096774194,2021,,
Huancavelica,Dic,0.0,2021,,
Huánuco,Dic,2.208996832101372,2021,,
Ica,Dic,0.0,2021,,
Junín,Dic,1.4183151436792534,2021,,
La Libertad,Dic,4.141346389228887,2021,,
Lambayeque,Dic,2.4243478260869566,2021,,
Lima,Dic,5.173516309814628,2021,,
Lima Metropolitana,Dic,3.5,2021,,
Loreto,Dic,0.46783625730994155,2021,,
higore de Dios,Dic,5.175416666666666,2021,,
Moquegua,Dic,8.69872234935164,2021,,
Pasco,Dic,2.8308056872037914,2021,,
Piura,Dic,1.7325,2021,,
Puno,Dic,2.4105263157894736,2021,,
San Martín,Dic,1.069622641509434,2021,,
Tacna,Dic,0.0,2021,,
Tumbes,Dic,0.0,2021,,
Ucayali,Dic,1.1923543214704733,2021,,
Amazonas,Ene,1.531240793201133,2020,,
Áncash,Ene,3.074300286105238,2020,,
Apurímac,Ene,2.8673497267759562,2020,,
Arequipa,Ene,4.195670995670995,2020,,
Ayacucho,Ene,4.234227861771057,2020,,
Cajamarca,Ene,2.472503585458626,2020,,
Callao,Ene,0.0,2020,,
Cusco,Ene,2.8535520473606315,2020,,
Huancavelica,Ene,3.216745074977948,2020,,
Huánuco,Ene,1.6211011235955055,2020,,
Ica,Ene,5.999999999999999,2020,,
Junín,Ene,0.7873000456073375,2020,,
La Libertad,Ene,2.6176323719328454,2020,,
Lambayeque,Ene,4.0,2020,,
Lima,Ene,4.042214882099275,2020,,
Lima Metropolitana,Ene,2.9,2020,,
Loreto,Ene,0.4749864498644986,2020,,
higore de Dios,Ene,0.0,2020,,
Moquegua,Ene,5.616326849464885,2020,,
Pasco,Ene,1.6291666666666667,2020,,
Piura,Ene,1.6736842105263159,2020,,
Puno,Ene,2.529497568881686,2020,,
San Martín,Ene,1.0484261501210657,2020,,
Tacna,Ene,0.0,2020,,
Tumbes,Ene,0.0,2020,,
Ucayali,Ene,0.7548249263236474,2020,,
Amazonas,Feb,1.582521574267782,2020,,
Áncash,Feb,2.947094879325756,2020,,
Apurímac,Feb,2.6986559139784947,2020,,
Arequipa,Feb,4.360093431631196,2020,,
Ayacucho,Feb,5.463388691920135,2020,,
Cajamarca,Feb,2.3407620367333952,2020,,
Callao,Feb,0.0,2020,,
Cusco,Feb,3.6289237668161434,2020,,
Huancavelica,Feb,3.72638649248213,2020,,
Huánuco,Feb,1.7553846153846158,2020,,
Ica,Feb,5.2280240420736295,2020,,
Junín,Feb,0.7432393790849673,2020,,
La Libertad,Feb,1.9800614793488511,2020,,
Lambayeque,Feb,4.0,2020,,
Lima,Feb,4.023666138404649,2020,,
Lima Metropolitana,Feb,2.6778947368421053,2020,,
Loreto,Feb,0.47824468085106386,2020,,
higore de Dios,Feb,0.0,2020,,
Moquegua,Feb,4.846975055067367,2020,,
Pasco,Feb,2.43843853820598,2020,,
Piura,Feb,1.3875,2020,,
Puno,Feb,2.4831724137931035,2020,,
San Martín,Feb,1.9474747474747476,2020,,
Tacna,Feb,0.0,2020,,
Tumbes,Feb,0.0,2020,,
Ucayali,Feb,0.7409263967106715,2020,,
Amazonas,Mar,1.60813590310048,2020,,
Áncash,Mar,2.950581636110379,2020,,
Apurímac,Mar,2.6390442297915606,2020,,
Arequipa,Mar,4.200343592890207,2020,,
Ayacucho,Mar,5.3322891027075405,2020,,
Cajamarca,Mar,2.0970800337977247,2020,,
Callao,Mar,0.0,2020,,
Cusco,Mar,4.2924528301886795,2020,,
Huancavelica,Mar,3.742521351923498,2020,,
Huánuco,Mar,2.057969230769231,2020,,
Ica,Mar,5.6026639344262295,2020,,
Junín,Mar,0.7838736419564556,2020,,
La Libertad,Mar,3.4057308272861557,2020,,
Lambayeque,Mar,4.6165251152632845,2020,,
Lima,Mar,3.272930352308653,2020,,
Lima Metropolitana,Mar,2.492908191313909,2020,,
Loreto,Mar,0.4891052631578947,2020,,
higore de Dios,Mar,0.0,2020,,
Moquegua,Mar,3.402743589297217,2020,,
Pasco,Mar,2.26737521940245,2020,,
Piura,Mar,2.232721088435374,2020,,
Puno,Mar,2.467539267015707,2020,,
San Martín,Mar,1.1984375,2020,,
Tacna,Mar,4.0,2020,,
Tumbes,Mar,0.0,2020,,
Ucayali,Mar,0.723766110031717,2020,,
Amazonas,Abr,1.7813260408527738,2020,,
Áncash,Abr,2.9083814982110185,2020,,
Apurímac,Abr,2.5062225909683535,2020,,
Arequipa,Abr,3.6275809211304337,2020,,
Ayacucho,Abr,3.3208252238224993,2020,,
Cajamarca,Abr,2.149068660002625,2020,,
Callao,Abr,0.0,2020,,
Cusco,Abr,3.972707423580786,2020,,
Huancavelica,Abr,3.5985315806348184,2020,,
Huánuco,Abr,2.327206477732793,2020,,
Ica,Abr,5.205796203219452,2020,,
Junín,Abr,0.7674707510378664,2020,,
La Libertad,Abr,3.39737000049155,2020,,
Lambayeque,Abr,4.396610375903223,2020,,
Lima,Abr,3.1558432734993245,2020,,
Lima Metropolitana,Abr,2.4197444352844184,2020,,
Loreto,Abr,0.49025641025641015,2020,,
higore de Dios,Abr,0.0,2020,,
Moquegua,Abr,3.566317449588826,2020,,
Pasco,Abr,1.0124610574444717,2020,,
Piura,Abr,2.3937219730941703,2020,,
Puno,Abr,2.4156250000000004,2020,,
San Martín,Abr,2.0472,2020,,
Tacna,Abr,0.0,2020,,
Tumbes,Abr,0.0,2020,,
Ucayali,Abr,0.7325462850585874,2020,,
Amazonas,May,1.7586281222264486,2020,,
Áncash,May,2.9856194513316803,2020,,
Apurímac,May,2.428188818212253,2020,,
Arequipa,May,3.5213806283492186,2020,,
Ayacucho,May,3.1326262019230766,2020,,
Cajamarca,May,1.9562857419792574,2020,,
Callao,May,0.0,2020,,
Cusco,May,2.9935882548108825,2020,,
Huancavelica,May,3.2251359328879903,2020,,
Huánuco,May,2.810131004366812,2020,,
Ica,May,4.34899093695605,2020,,
Junín,May,0.8001712892812441,2020,,
La Libertad,May,3.7071842915558575,2020,,
Lambayeque,May,4.318060487327048,2020,,
Lima,May,3.1825220051835355,2020,,
Lima Metropolitana,May,2.435890218156228,2020,,
Loreto,May,0.4796875,2020,,
higore de Dios,May,0.0,2020,,
Moquegua,May,3.115076071922545,2020,,
Pasco,May,0.8610560889338049,2020,,
Piura,May,2.1114008004574045,2020,,
Puno,May,0.0,2020,,
San Martín,May,2.512820512820513,2020,,
Tacna,May,4.767045454545454,2020,,
Tumbes,May,0.0,2020,,
Ucayali,May,0.7309109546650162,2020,,
Amazonas,Jun,1.6062342885872296,2020,,
Áncash,Jun,3.328567379906476,2020,,
Apurímac,Jun,2.584737162573574,2020,,
Arequipa,Jun,3.2958220714684963,2020,,
Ayacucho,Jun,3.0417608836907086,2020,,
Cajamarca,Jun,1.778673977117865,2020,,
Callao,Jun,0.0,2020,,
Cusco,Jun,1.459044069283052,2020,,
Huancavelica,Jun,2.7007543456871104,2020,,
Huánuco,Jun,2.850178571428571,2020,,
Ica,Jun,3.9393614992567976,2020,,
Junín,Jun,0.866732334908031,2020,,
La Libertad,Jun,3.5506118344720905,2020,,
Lambayeque,Jun,4.797272801925122,2020,,
Lima,Jun,3.3855376631530416,2020,,
Lima Metropolitana,Jun,2.944890673806336,2020,,
Loreto,Jun,0.4716666666666665,2020,,
higore de Dios,Jun,0.0,2020,,
Moquegua,Jun,2.548390311261058,2020,,
Pasco,Jun,1.2198328752672052,2020,,
Piura,Jun,2.0833333333333335,2020,,
Puno,Jun,0.0,2020,,
San Martín,Jun,2.0575129533678758,2020,,
Tacna,Jun,5.0,2020,,
Tumbes,Jun,0.0,2020,,
Ucayali,Jun,0.7088226467363073,2020,,
Amazonas,Jul,1.6289227479283614,2020,,
Áncash,Jul,3.5702441395700553,2020,,
Apurímac,Jul,2.64063132335087,2020,,
Arequipa,Jul,4.964807603152527,2020,,
Ayacucho,Jul,3.131426836672739,2020,,
Cajamarca,Jul,2.164145658263305,2020,,
Callao,Jul,0.0,2020,,
Cusco,Jul,1.160253623188406,2020,,
Huancavelica,Jul,2.421488966797278,2020,,
Huánuco,Jul,3.2491228070175437,2020,,
Ica,Jul,3.8879747562821985,2020,,
Junín,Jul,0.8946196552626224,2020,,
La Libertad,Jul,3.4895013686679164,2020,,
Lambayeque,Jul,4.146982491864805,2020,,
Lima,Jul,3.4251364904413903,2020,,
Lima Metropolitana,Jul,3.1253297129557795,2020,,
Loreto,Jul,0.4711797752808987,2020,,
higore de Dios,Jul,0.0,2020,,
Moquegua,Jul,3.486210734603018,2020,,
Pasco,Jul,1.794325842696629,2020,,
Piura,Jul,1.7958069620253165,2020,,
Puno,Jul,0.0,2020,,
San Martín,Jul,2.425,2020,,
Tacna,Jul,0.0,2020,,
Tumbes,Jul,0.0,2020,,
Ucayali,Jul,0.6872819314641745,2020,,
Amazonas,Ago,1.823693169054243,2020,,
Áncash,Ago,3.8321481344661996,2020,,
Apurímac,Ago,2.683400605449041,2020,,
Arequipa,Ago,4.4613680207242465,2020,,
Ayacucho,Ago,3.3551994401679495,2020,,
Cajamarca,Ago,1.6943521594684385,2020,,
Callao,Ago,0.0,2020,,
Cusco,Ago,1.2,2020,,
Huancavelica,Ago,1.6333333333333333,2020,,
Huánuco,Ago,1.9813458646616542,2020,,
Ica,Ago,3.604724426334977,2020,,
Junín,Ago,0.922234612739999,2020,,
La Libertad,Ago,3.2727347698638862,2020,,
Lambayeque,Ago,4.121654465592972,2020,,
Lima,Ago,2.9500388254579972,2020,,
Lima Metropolitana,Ago,2.9575821845174977,2020,,
Loreto,Ago,0.4591794871794873,2020,,
higore de Dios,Ago,0.0,2020,,
Moquegua,Ago,4.288050139275766,2020,,
Pasco,Ago,2.0849166666666665,2020,,
Piura,Ago,2.0140845070422535,2020,,
Puno,Ago,0.0,2020,,
San Martín,Ago,2.425,2020,,
Tacna,Ago,0.0,2020,,
Tumbes,Ago,0.0,2020,,
Ucayali,Ago,0.0,2020,,
Amazonas,Set,1.8399905189971206,2020,,
Áncash,Set,4.4890262092478155,2020,,
Apurímac,Set,2.6756554307116103,2020,,
Arequipa,Set,3.9980325523162223,2020,,
Ayacucho,Set,3.43866504854369,2020,,
Cajamarca,Set,1.860657502809673,2020,,
Callao,Set,0.0,2020,,
Cusco,Set,0.0,2020,,
Huancavelica,Set,0.0,2020,,
Huánuco,Set,1.4187087912087912,2020,,
Ica,Set,4.5,2020,,
Junín,Set,0.9114953051643192,2020,,
La Libertad,Set,3.4297374382840227,2020,,
Lambayeque,Set,4.302,2020,,
Lima,Set,2.9215882823695822,2020,,
Lima Metropolitana,Set,2.9,2020,,
Loreto,Set,0.4590086206896552,2020,,
higore de Dios,Set,2.8567567567567567,2020,,
Moquegua,Set,5.796592549812301,2020,,
Pasco,Set,2.2064935064935067,2020,,
Piura,Set,2.6666666666666665,2020,,
Puno,Set,0.0,2020,,
San Martín,Set,2.425,2020,,
Tacna,Set,0.0,2020,,
Tumbes,Set,0.0,2020,,
Ucayali,Set,0.0,2020,,
Amazonas,Oct,1.717939948699894,2020,,
Áncash,Oct,4.87137069547603,2020,,
Apurímac,Oct,3.75,2020,,
Arequipa,Oct,4.495179948586118,2020,,
Ayacucho,Oct,3.410140056022409,2020,,
Cajamarca,Oct,2.157861194315213,2020,,
Callao,Oct,0.0,2020,,
Cusco,Oct,0.0,2020,,
Huancavelica,Oct,0.0,2020,,
Huánuco,Oct,1.2533699633699635,2020,,
Ica,Oct,0.0,2020,,
Junín,Oct,0.9572903107944556,2020,,
La Libertad,Oct,3.790607778931396,2020,,
Lambayeque,Oct,4.1,2020,,
Lima,Oct,3.0345082957218232,2020,,
Lima Metropolitana,Oct,2.9,2020,,
Loreto,Oct,0.46215859030837014,2020,,
higore de Dios,Oct,3.369109947643979,2020,,
Moquegua,Oct,6.0,2020,,
Pasco,Oct,2.4808423913043476,2020,,
Piura,Oct,2.473684210526316,2020,,
Puno,Oct,0.0,2020,,
San Martín,Oct,1.0188679245283019,2020,,
Tacna,Oct,0.0,2020,,
Tumbes,Oct,0.0,2020,,
Ucayali,Oct,0.8949152542372882,2020,,
Amazonas,Nov,1.6071100917431194,2020,,
Áncash,Nov,5.075467806099897,2020,,
Apurímac,Nov,0.0,2020,,
Arequipa,Nov,3.0,2020,,
Ayacucho,Nov,3.2890781563126255,2020,,
Cajamarca,Nov,2.4383743351063827,2020,,
Callao,Nov,0.0,2020,,
Cusco,Nov,1.610783055198973,2020,,
Huancavelica,Nov,0.0,2020,,
Huánuco,Nov,1.4684717376133982,2020,,
Ica,Nov,0.0,2020,,
Junín,Nov,0.9927953668614248,2020,,
La Libertad,Nov,3.384297023285959,2020,,
Lambayeque,Nov,0.0,2020,,
Lima,Nov,3.2549954995499544,2020,,
Lima Metropolitana,Nov,2.9,2020,,
Loreto,Nov,0.4621541950113378,2020,,
higore de Dios,Nov,3.0260545905707197,2020,,
Moquegua,Nov,9.0,2020,,
Pasco,Nov,2.725130890052356,2020,,
Piura,Nov,2.388888888888889,2020,,
Puno,Nov,2.3547368421052632,2020,,
San Martín,Nov,0.990843806104129,2020,,
Tacna,Nov,0.0,2020,,
Tumbes,Nov,0.0,2020,,
Ucayali,Nov,0.8337788362811991,2020,,
Amazonas,Dic,1.6589224768405657,2020,,
Áncash,Dic,5.077964266377911,2020,,
Apurímac,Dic,0.0,2020,,
Arequipa,Dic,3.0,2020,,
Ayacucho,Dic,4.267237227465018,2020,,
Cajamarca,Dic,2.432142721866596,2020,,
Callao,Dic,0.0,2020,,
Cusco,Dic,1.5858518136496476,2020,,
Huancavelica,Dic,0.0,2020,,
Huánuco,Dic,1.8600023397285914,2020,,
Ica,Dic,0.0,2020,,
Junín,Dic,1.0023430986401405,2020,,
La Libertad,Dic,3.2370806079713885,2020,,
Lambayeque,Dic,5.080053191489362,2020,,
Lima,Dic,2.8473827328348067,2020,,
Lima Metropolitana,Dic,2.9,2020,,
Loreto,Dic,0.46237254901960767,2020,,
higore de Dios,Dic,3.139442231075697,2020,,
Moquegua,Dic,9.08190250778789,2020,,
Pasco,Dic,2.652024596820977,2020,,
Piura,Dic,1.84375,2020,,
Puno,Dic,2.3325688073394497,2020,,
San Martín,Dic,1.278048780487805,2020,,
Tacna,Dic,0.0,2020,,
Tumbes,Dic,0.0,2020,,
Ucayali,Dic,0.7938676130525791,2020,,
Amazonas,Ene,1.5460670650138233,2019,0.0,0.0
Áncash,Ene,3.3413464337700147,2019,15.0,0.0
Apurímac,Ene,2.6323220536756127,2019,19.0,0.0
Arequipa,Ene,3.570689655172414,2019,5.0,0.0
Ayacucho,Ene,3.0544622425629293,2019,6.0,3.0
Cajamarca,Ene,2.0738960291116078,2019,0.0,2.0
Callao,Ene,0.0,2019,0.0,0.0
Cusco,Ene,3.0518090877657356,2019,37.0,0.0
Huancavelica,Ene,2.4777022703032148,2019,47.0,0.0
Huánuco,Ene,1.4860227272727273,2019,6.0,0.0
Ica,Ene,0.0,2019,44.0,0.0
Junín,Ene,0.7018437547389174,2019,38.0,0.0
La Libertad,Ene,2.3375835304860333,2019,0.0,0.0
Lambayeque,Ene,0.0,2019,0.0,0.0
Lima,Ene,5.07153049324278,2019,56.0,1.0
Lima Metropolitana,Ene,2.54070796460177,2019,0.0,0.0
Loreto,Ene,0.4752291105121294,2019,0.0,0.0
Madre de Dios,Ene,0.0,2019,1.0,0.0
Moquegua,Ene,0.0,2019,51.0,0.0
Pasco,Ene,1.2330041944048948,2019,0.0,0.0
Piura,Ene,1.6666666666666667,2019,0.0,0.0
Puno,Ene,2.452777777777778,2019,0.0,0.0
San Martín,Ene,0.920634920634921,2019,0.0,0.0
Tacna,Ene,0.0,2019,0.0,0.0
Tumbes,Ene,0.0,2019,0.0,0.0
Ucayali,Ene,0.7225187106119766,2019,0.0,0.0
Amazonas,Feb,1.4295549374130736,2019,0.0,5.0
Áncash,Feb,3.0738289036544852,2019,90.0,0.0
Apurímac,Feb,2.8784780937740195,2019,54.0,0.0
Arequipa,Feb,3.91420650382137,2019,5.0,0.0
Ayacucho,Feb,2.7682972718720604,2019,105.0,0.0
Cajamarca,Feb,2.0821403524530417,2019,0.0,13.0
Callao,Feb,0.0,2019,0.0,0.0
Cusco,Feb,3.844948773672773,2019,32.0,0.0
Huancavelica,Feb,2.576641664566858,2019,0.0,0.0
Huánuco,Feb,1.605872950819673,2019,2.0,0.0
Ica,Feb,4.69620253164557,2019,121.0,0.0
Junín,Feb,0.7800890040558811,2019,40.0,0.0
La Libertad,Feb,2.4082283925946504,2019,27.0,0.0
Lambayeque,Feb,0.0,2019,0.0,0.0
Lima,Feb,3.831412921210936,2019,89.0,0.0
Lima Metropolitana,Feb,2.5466873706004143,2019,0.0,0.0
Loreto,Feb,0.48639344262295087,2019,0.0,0.0
Madre de Dios,Feb,0.0,2019,0.0,0.0
Moquegua,Feb,5.359123739438538,2019,17.0,0.0
Pasco,Feb,0.8671482597233414,2019,2.0,0.0
Piura,Feb,1.1578947368421053,2019,0.0,0.0
Puno,Feb,2.477119784656797,2019,0.0,0.0
San Martín,Feb,1.35605633802817,2019,0.0,0.0
Tacna,Feb,0.0,2019,0.0,0.0
Tumbes,Feb,0.0,2019,0.0,0.0
Ucayali,Feb,0.7038665468863486,2019,0.0,0.0
Amazonas,Mar,1.425739595520642,2019,0.0,9.0
Áncash,Mar,2.9466947445522798,2019,42.0,0.0
Apurímac,Mar,2.8341958658665125,2019,0.0,42.25
Arequipa,Mar,3.3366326528729005,2019,1.0,37.0
Ayacucho,Mar,4.527454357561143,2019,48.0,0.0
Cajamarca,Mar,2.0133162689493114,2019,0.0,0.0
Callao,Mar,0.0,2019,0.0,0.0
Cusco,Mar,4.289340101522843,2019,0.0,0.0
Huancavelica,Mar,2.771868838695144,2019,0.0,1.0
Huánuco,Mar,2.0419259259259257,2019,1.0,0.0
Ica,Mar,4.52431316612476,2019,195.0,12.6
Junín,Mar,0.837645305514158,2019,30.0,0.0
La Libertad,Mar,4.945449032653556,2019,20.5,0.0
Lambayeque,Mar,2.32847533632287,2019,0.0,0.0
Lima,Mar,2.499935717419921,2019,55.0,44.5
Lima Metropolitana,Mar,2.400979431929481,2019,0.0,0.0
Loreto,Mar,0.48092105263157897,2019,0.0,0.0
Madre de Dios,Mar,0.0,2019,0.0,0.0
Moquegua,Mar,4.72231707583674,2019,6.0,0.0
Pasco,Mar,0.6007186893876421,2019,0.0,0.0
Piura,Mar,1.7905797101449277,2019,0.0,36.0
Puno,Mar,2.443957968476357,2019,0.0,0.0
San Martín,Mar,0.914564831261101,2019,0.0,0.0
Tacna,Mar,0.0,2019,1.0,0.0
Tumbes,Mar,0.0,2019,0.0,0.0
Ucayali,Mar,0.7065643138561415,2019,0.0,0.0
Amazonas,Abr,1.3299552668015762,2019,2.0,14.0
Áncash,Abr,2.860778025655326,2019,37.0,0.0
Apurímac,Abr,2.7190504880106037,2019,0.0,56.5
Arequipa,Abr,3.5191506005674986,2019,10.0,3.0
Ayacucho,Abr,3.1987030411449013,2019,0.0,34.0
Cajamarca,Abr,1.9834370083504782,2019,0.0,106.0
Callao,Abr,0.0,2019,0.0,0.0
Cusco,Abr,3.96,2019,35.0,119.0
Huancavelica,Abr,3.0437260115653983,2019,0.0,126.0
Huánuco,Abr,2.2208584070796458,2019,2.0,0.0
Ica,Abr,3.902534395995029,2019,15.0,0.0
Junín,Abr,0.8557919552942547,2019,14.0,0.0
La Libertad,Abr,4.843667966662047,2019,79.0,25.0
Lambayeque,Abr,4.979000542446434,2019,0.0,53.0
Lima,Abr,4.329077121673078,2019,33.5,194.3
Lima Metropolitana,Abr,2.3066248880931064,2019,0.0,1.0
Loreto,Abr,0.4816849816849817,2019,0.0,0.0
Madre de Dios,Abr,0.0,2019,0.0,0.0
Moquegua,Abr,4.3782341029857434,2019,0.0,0.0
Pasco,Abr,0.7573856946010273,2019,0.0,0.0
Piura,Abr,2.4587628865979383,2019,0.0,6.0
Puno,Abr,2.409059233449477,2019,0.0,0.0
San Martín,Abr,1.0,2019,0.0,0.0
Tacna,Abr,7.0,2019,0.0,4.0
Tumbes,Abr,0.0,2019,0.0,0.0
Ucayali,Abr,0.7059166116196407,2019,0.0,0.0
Amazonas,May,1.5651779230210605,2019,0.0,3.0
Áncash,May,2.942233984303705,2019,0.0,0.0
Apurímac,May,2.822508983992159,2019,0.0,93.5
Arequipa,May,3.393349024930005,2019,20.0,150.0
Ayacucho,May,3.0574870588235297,2019,0.0,14.0
Cajamarca,May,1.943832583386901,2019,0.0,0.0
Callao,May,0.0,2019,0.0,0.0
Cusco,May,2.3857807458374087,2019,0.0,26.0
Huancavelica,May,2.971037835615926,2019,0.0,12.0
Huánuco,May,2.4931666666666668,2019,0.0,0.0
Ica,May,3.6370437717485156,2019,0.0,1.179
Junín,May,0.8848838786234956,2019,2.0,0.0
La Libertad,May,2.62727413940311,2019,138.5,76.0
Lambayeque,May,4.931467069346033,2019,739.0,407.0
Lima,May,3.5193547910822387,2019,59.5,50.5
Lima Metropolitana,May,2.2027439024390243,2019,0.0,43.0
Loreto,May,0.475578947368421,2019,0.0,0.0
Madre de Dios,May,0.0,2019,0.0,0.0
Moquegua,May,3.824677765843179,2019,0.0,16.0
Pasco,May,0.9826045949214027,2019,0.0,51.0
Piura,May,0.9433946488294314,2019,0.0,52.0
Puno,May,0.0,2019,0.0,0.0
San Martín,May,0.0,2019,0.0,0.0
Tacna,May,5.0,2019,11.0,2.0
Tumbes,May,0.0,2019,0.0,0.0
Ucayali,May,0.690208950907382,2019,0.0,0.0
Amazonas,Jun,1.5933930942895085,2019,0.0,0.0
Áncash,Jun,3.2579956344310523,2019,0.0,0.0
Apurímac,Jun,3.025594149908592,2019,0.0,30.0
Arequipa,Jun,3.506858948542396,2019,11.0,624.0
Ayacucho,Jun,3.1633013780707016,2019,0.0,181.0
Cajamarca,Jun,1.9253611767796162,2019,0.0,29.5
Callao,Jun,0.0,2019,0.0,0.0
Cusco,Jun,1.3825394651011091,2019,0.0,115.0
Huancavelica,Jun,2.9733203822633882,2019,0.0,30.0
Huánuco,Jun,2.5027722772277228,2019,0.0,0.0
Ica,Jun,3.99157099250387,2019,141.0,2700.0
Junín,Jun,0.9565456447699396,2019,6.0,0.0
La Libertad,Jun,3.07835433892789,2019,58.0,201.7
Lambayeque,Jun,1.4863636363636366,2019,0.0,157.0
Lima,Jun,2.707593088770717,2019,49.0,115.6
Lima Metropolitana,Jun,2.195992601726264,2019,0.0,6.9
Loreto,Jun,0.456524064171123,2019,0.0,0.0
Madre de Dios,Jun,0.0,2019,0.0,0.0
Moquegua,Jun,3.904940467420208,2019,0.0,0.0
Pasco,Jun,1.1820195333251602,2019,0.0,2.0
Piura,Jun,3.35464725643897,2019,0.0,232.0
Puno,Jun,0.0,2019,0.0,0.0
San Martín,Jun,1.0,2019,0.0,0.0
Tacna,Jun,4.0,2019,12.0,20.0
Tumbes,Jun,0.0,2019,0.0,0.0
Ucayali,Jun,0.6861392824043426,2019,0.0,0.0
Amazonas,Jul,1.688318950638592,2019,0.0,0.0
Áncash,Jul,3.6750695948035883,2019,0.0,0.0
Apurímac,Jul,2.998987854251012,2019,0.0,236.5
Arequipa,Jul,3.960214428301362,2019,20.0,7.0
Ayacucho,Jul,3.0605080831408777,2019,24.0,152.0
Cajamarca,Jul,2.082392026578073,2019,0.0,68.0
Callao,Jul,0.0,2019,0.0,0.0
Cusco,Jul,1.3580739712418133,2019,0.0,102.0
Huancavelica,Jul,1.8474137253894,2019,2.0,36.0
Huánuco,Jul,2.5646153846153847,2019,1.0,3.5
Ica,Jul,3.7561633488848702,2019,35.0,676.8
Junín,Jul,1.064192142697398,2019,2.0,0.0
La Libertad,Jul,3.1418351381736054,2019,33.5,1446.0
Lambayeque,Jul,0.0,2019,0.0,0.0
Lima,Jul,3.088479756382341,2019,29.1,2078.2999999999997
Lima Metropolitana,Jul,2.594032952352679,2019,0.0,19.0
Loreto,Jul,0.4599447513812155,2019,0.0,0.0
Madre de Dios,Jul,0.0,2019,0.0,0.0
Moquegua,Jul,4.469102734157718,2019,0.0,0.0
Pasco,Jul,1.491602486414637,2019,0.0,0.0
Piura,Jul,2.471406959152799,2019,0.0,135.0
Puno,Jul,0.0,2019,0.0,0.0
San Martín,Jul,0.7,2019,0.0,0.0
Tacna,Jul,6.0,2019,1.0,3.0
Tumbes,Jul,0.0,2019,0.0,0.0
Ucayali,Jul,0.6556548463356974,2019,1.0,0.0
Amazonas,Ago,1.6474808673469388,2019,0.0,0.0
Áncash,Ago,4.028331249131582,2019,14.0,0.0
Apurímac,Ago,2.823287671232876,2019,0.0,67.0
Arequipa,Ago,4.971283390226459,2019,12.0,16.0
Ayacucho,Ago,3.129055963821368,2019,0.0,406.0
Cajamarca,Ago,2.267560321715818,2019,0.0,14.0
Callao,Ago,0.0,2019,0.0,0.0
Cusco,Ago,1.7465517241379314,2019,0.0,41.0
Huancavelica,Ago,3.5,2019,47.0,0.0
Huánuco,Ago,1.7255308641975307,2019,5.0,0.0
Ica,Ago,3.3358600615114233,2019,93.5,1045.1
Junín,Ago,1.2981718000942781,2019,0.0,0.0
La Libertad,Ago,3.325231681722702,2019,171.0,446.5
Lambayeque,Ago,1.8,2019,0.0,0.0
Lima,Ago,3.1780893216924113,2019,31.0,1685.0
Lima Metropolitana,Ago,2.755974842767295,2019,0.0,36.2
Loreto,Ago,0.45515306122448984,2019,0.0,0.0
Madre de Dios,Ago,0.0,2019,0.0,0.0
Moquegua,Ago,5.245685902087156,2019,0.0,368.0
Pasco,Ago,2.0019277108433737,2019,2.0,0.0
Piura,Ago,2.5,2019,0.0,207.0
Puno,Ago,0.0,2019,0.0,0.0
San Martín,Ago,0.966666666666667,2019,0.0,0.0
Tacna,Ago,0.0,2019,16.0,0.0
Tumbes,Ago,0.0,2019,0.0,0.0
Ucayali,Ago,0.0,2019,2.0,0.0
Amazonas,Set,1.6340495867768596,2019,0.0,6.0
Áncash,Set,4.374599141330063,2019,0.0,0.0
Apurímac,Set,2.607847707847708,2019,0.0,130.5
Arequipa,Set,3.998697068403909,2019,10.0,0.0
Ayacucho,Set,3.5637820512820517,2019,9.0,169.0
Cajamarca,Set,2.296948893974066,2019,0.0,47.0
Callao,Set,0.0,2019,0.0,0.0
Cusco,Set,2.0,2019,0.0,0.0
Huancavelica,Set,0.0,2019,0.0,10.0
Huánuco,Set,1.2891004126547458,2019,0.0,0.0
Ica,Set,2.0,2019,13.0,2.0
Junín,Set,1.3048936170212764,2019,0.0,0.0
La Libertad,Set,3.8839664431191077,2019,53.5,37.0
Lambayeque,Set,1.9,2019,0.0,0.0
Lima,Set,3.219008879178095,2019,16.0,207.5
Lima Metropolitana,Set,2.7,2019,0.0,0.0
Loreto,Set,0.45644067796610177,2019,0.0,0.0
Madre de Dios,Set,2.375581395348837,2019,0.0,0.0
Moquegua,Set,5.184617564617476,2019,3.0,158.0
Pasco,Set,2.0500986971969994,2019,2.0,0.0
Piura,Set,0.0,2019,0.0,0.0
Puno,Set,0.0,2019,0.0,0.0
San Martín,Set,1.33333333333333,2019,0.0,0.0
Tacna,Set,0.0,2019,0.0,0.0
Tumbes,Set,0.0,2019,0.0,0.0
Ucayali,Set,0.8499999999999999,2019,1.0,0.0
Amazonas,Oct,1.585434711820254,2019,0.0,4.0
Áncash,Oct,4.757243195785777,2019,0.0,0.0
Apurímac,Oct,2.5,2019,0.0,7.0
Arequipa,Oct,3.9991962992383536,2019,3.0,192.0
Ayacucho,Oct,4.651709401709402,2019,17.0,0.0
Cajamarca,Oct,2.9706679121905655,2019,0.0,16.0
Callao,Oct,0.0,2019,0.0,0.0
Cusco,Oct,1.736432722396066,2019,0.0,0.0
Huancavelica,Oct,0.0,2019,194.0,0.0
Huánuco,Oct,1.2394999999999998,2019,2.0,0.0
Ica,Oct,4.980676328502415,2019,24.0,525.5
Junín,Oct,0.9809863746739815,2019,2.0,0.0
La Libertad,Oct,3.7930572914566785,2019,22.0,25.5
Lambayeque,Oct,0.92,2019,0.0,0.0
Lima,Oct,3.434696806602081,2019,19.0,1684.3
Lima Metropolitana,Oct,2.75,2019,0.0,0.0
Loreto,Oct,0.46039647577092513,2019,0.0,0.0
Madre de Dios,Oct,2.2686608122941827,2019,0.0,0.0
Moquegua,Oct,6.195447877958146,2019,0.0,0.0
Pasco,Oct,2.0141528084661,2019,0.0,5.0
Piura,Oct,0.0,2019,0.0,0.0
Puno,Oct,0.0,2019,0.0,0.0
San Martín,Oct,0.847735993860322,2019,0.0,0.0
Tacna,Oct,0.0,2019,0.0,0.0
Tumbes,Oct,0.0,2019,0.0,0.0
Ucayali,Oct,0.8057999875536747,2019,2.0,0.0
Amazonas,Nov,1.5873625528642832,2019,0.0,1.0
Áncash,Nov,4.57869226382817,2019,0.0,0.0
Apurímac,Nov,0.0,2019,4.0,0.0
Arequipa,Nov,2.8,2019,2.0,0.0
Ayacucho,Nov,4.30893300248139,2019,154.0,0.0
Cajamarca,Nov,2.5139475464041485,2019,0.0,13.0
Callao,Nov,0.0,2019,0.0,0.0
Cusco,Nov,1.3311967727476468,2019,33.0,0.0
Huancavelica,Nov,0.0,2019,262.0,0.0
Huánuco,Nov,1.3760792951541854,2019,14.0,0.0
Ica,Nov,6.5,2019,83.5,0.0
Junín,Nov,0.7652319452212675,2019,58.0,0.0
La Libertad,Nov,3.8308579978915627,2019,157.0,39.0
Lambayeque,Nov,1.500373657169547,2019,0.0,453.0
Lima,Nov,3.2130718954248367,2019,39.0,0.0
Lima Metropolitana,Nov,3.0,2019,0.0,0.0
Loreto,Nov,0.461647855530474,2019,0.0,0.0
Madre de Dios,Nov,3.214285714285714,2019,0.0,0.0
Moquegua,Nov,9.525625813155338,2019,0.0,0.0
Pasco,Nov,2.0034619419512762,2019,0.0,0.0
Piura,Nov,2.4166666666666665,2019,0.0,13.0
Puno,Nov,2.416279069767442,2019,0.0,0.0
San Martín,Nov,0.822600619195046,2019,0.0,0.0
Tacna,Nov,0.0,2019,2.0,0.0
Tumbes,Nov,0.0,2019,0.0,0.0
Ucayali,Nov,0.7853670887073576,2019,2.0,0.0
Amazonas,Dic,1.650289995166747,2019,0.0,102.0
Áncash,Dic,4.05916049382716,2019,0.0,2880.5
Apurímac,Dic,3.0,2019,0.0,0.0
Arequipa,Dic,2.8,2019,4.0,16.0
Ayacucho,Dic,4.481369863013699,2019,0.0,1392.0
Cajamarca,Dic,2.423229813664596,2019,0.0,301.0
Callao,Dic,0.0,2019,0.0,0.0
Cusco,Dic,1.3167187500000002,2019,0.0,400.0
Huancavelica,Dic,3.398853659277485,2019,581.6,99.5
Huánuco,Dic,1.4001863354037263,2019,6.0,402.0
Ica,Dic,6.5,2019,28.0,5.0
Junín,Dic,0.7431205416515535,2019,37.0,4078.0
La Libertad,Dic,3.7197572107467174,2019,4.8,12380.4
Lambayeque,Dic,1.5,2019,0.0,4085.0
Lima,Dic,3.575111906893465,2019,9.4,532.4000000000001
Lima Metropolitana,Dic,3.0,2019,0.0,16.0
Loreto,Dic,0.4621782178217823,2019,0.0,334.0
Madre de Dios,Dic,3.2421671018276768,2019,0.0,65.5
Moquegua,Dic,8.707276829784233,2019,0.0,558.0
Pasco,Dic,1.5337014822077395,2019,0.0,212.0
Piura,Dic,1.8888888888888888,2019,0.0,14.0
Puno,Dic,2.4204301075268817,2019,0.0,244.0
San Martín,Dic,0.8583499667332,2019,0.0,48.0
Tacna,Dic,0.0,2019,0.0,0.0
Tumbes,Dic,0.0,2019,0.0,0.0
Ucayali,Dic,0.7739216152110021,2019,0.0,309.75
